100001420754|12/01/2016|OTHER|3.375||0|360|360|12/2046|37980|0|N|||||||||||||||||||N
100001420754|01/01/2017||3.375||1|359|359|12/2046|37980|0|N|||||||||||||||||||N
100001420754|02/01/2017||3.375||2|358|358|12/2046|37980|0|N|||||||||||||||||||N
100001420754|03/01/2017||3.375||3|357|357|12/2046|37980|0|N|||||||||||||||||||N
100001420754|04/01/2017|PROVIDENT FUNDING ASSOCIATES, L.P.|3.375||4|356|356|12/2046|37980|0|N|||||||||||||||||||N
100001420754|05/01/2017||3.375||5|355|355|12/2046|37980|0|N|||||||||||||||||||N
100001420754|06/01/2017||3.375|214891|6|354|354|12/2046|37980|0|N|||||||||||||||||||N
100001420754|07/01/2017||3.375|214536.03|7|353|353|12/2046|37980|0|N|||||||||||||||||||N
100001420754|08/01/2017||3.375|214180.06|8|352|352|12/2046|37980|0|N|||||||||||||||||||N
100001420754|09/01/2017||3.375|213823.09|9|351|351|12/2046|37980|0|N|||||||||||||||||||N
100001420754|10/01/2017||3.375|213465.12|10|350|350|12/2046|37980|0|N|||||||||||||||||||N
100001420754|11/01/2017||3.375|213106.14|11|349|349|12/2046|37980|0|N|||||||||||||||||||N
100001420754|12/01/2017||3.375|212746.15|12|348|348|12/2046|37980|0|N|||||||||||||||||||N
100001420754|01/01/2018||3.375|212385.15|13|347|347|12/2046|37980|0|N|||||||||||||||||||N
100001420754|02/01/2018||3.375|212023.13|14|346|346|12/2046|37980|0|N|||||||||||||||||||N
100001420754|03/01/2018||3.375|211660.1|15|345|345|12/2046|37980|0|N|||||||||||||||||||N
100001420754|04/01/2018||3.375|211296.04|16|344|344|12/2046|37980|0|N|||||||||||||||||||N
100001420754|05/01/2018||3.375|210930.96|17|343|343|12/2046|37980|0|N|||||||||||||||||||N
100001420754|06/01/2018||3.375|210564.85|18|342|342|12/2046|37980|0|N|||||||||||||||||||N
100001420754|07/01/2018||3.375|210197.71|19|341|341|12/2046|37980|0|N|||||||||||||||||||N
100001420754|08/01/2018||3.375|209829.54|20|340|340|12/2046|37980|0|N|||||||||||||||||||N
100001420754|09/01/2018||3.375|209460.34|21|339|339|12/2046|37980|0|N|||||||||||||||||||N
100001420754|10/01/2018||3.375|209090.1|22|338|338|12/2046|37980|0|N|||||||||||||||||||N
100001420754|11/01/2018||3.375|208718.82|23|337|337|12/2046|37980|0|N|||||||||||||||||||N
100001420754|12/01/2018||3.375|208346.49|24|336|336|12/2046|37980|0|N|||||||||||||||||||N
100001420754|01/01/2019||3.375|207973.11|25|335|335|12/2046|37980|0|N|||||||||||||||||||N
100001420754|02/01/2019||3.375|207598.68|26|334|334|12/2046|37980|0|N|||||||||||||||||||N
100001420754|03/01/2019||3.375|207223.2|27|333|333|12/2046|37980|0|N|||||||||||||||||||N
100001420754|04/01/2019||3.375|206846.67|28|332|332|12/2046|37980|0|N|||||||||||||||||||N
100001420754|05/01/2019||3.375|206469.08|29|331|331|12/2046|37980|0|N|||||||||||||||||||N
100001420754|06/01/2019||3.375|206090.42|30|330|330|12/2046|37980|0|N|||||||||||||||||||N
100001420754|07/01/2019||3.375|205710.7|31|329|329|12/2046|37980|0|N|||||||||||||||||||N
100001420754|08/01/2019||3.375|205329.91|32|328|328|12/2046|37980|0|N|||||||||||||||||||N
100001420754|09/01/2019||3.375|204948.05|33|327|327|12/2046|37980|0|N|||||||||||||||||||N
100003665787|11/01/2016|JP MORGAN CHASE BANK, NA|3.125||2|358|358|09/2046|36540|0|N|||||||||||||||||||N
100003665787|12/01/2016||3.125||3|357|357|09/2046|36540|0|N|||||||||||||||||||N
100003665787|01/01/2017||3.125||4|356|356|09/2046|36540|0|N|||||||||||||||||||N
100003665787|02/01/2017||3.125||5|355|355|09/2046|36540|0|N|||||||||||||||||||N
100003665787|03/01/2017||3.125||6|354|354|09/2046|36540|0|N|||||||||||||||||||N
100003665787|04/01/2017||3.125||7|353|353|09/2046|36540|0|N|||||||||||||||||||N
100003665787|05/01/2017||3.125|368928.59|8|352|352|09/2046|36540|0|N|||||||||||||||||||N
100003665787|06/01/2017||3.125|368287.21|9|351|351|09/2046|36540|0|N|||||||||||||||||||N
100003665787|07/01/2017||3.125|367644.16|10|350|350|09/2046|36540|0|N|||||||||||||||||||N
100003665787|08/01/2017||3.125|366999.44|11|349|349|09/2046|36540|0|N|||||||||||||||||||N
100003665787|09/01/2017||3.125|366353.04|12|348|348|09/2046|36540|0|N|||||||||||||||||||N
100003665787|10/01/2017||3.125|365704.95|13|347|347|09/2046|36540|0|N|||||||||||||||||||N
100003665787|11/01/2017||3.125|365039.09|14|346|346|09/2046|36540|0|N|||||||||||||||||||N
100003665787|12/01/2017||3.125|364371.49|15|345|345|09/2046|36540|0|N|||||||||||||||||||N
100003665787|01/01/2018||3.125|363702.15|16|344|344|09/2046|36540|0|N|||||||||||||||||||N
100003665787|02/01/2018||3.125|363047.16|17|343|343|09/2046|36540|0|N|||||||||||||||||||N
100003665787|03/01/2018||3.125|362390.47|18|342|342|09/2046|36540|0|N|||||||||||||||||||N
100003665787|04/01/2018||3.125|361732.07|19|341|341|09/2046|36540|0|N|||||||||||||||||||N
100003665787|05/01/2018||3.125|361071.95|20|340|340|09/2046|36540|0|N|||||||||||||||||||N
100003665787|06/01/2018||3.125|360410.11|21|339|339|09/2046|36540|0|N|||||||||||||||||||N
100003665787|07/01/2018||3.125|359746.55|22|338|338|09/2046|36540|0|N|||||||||||||||||||N
100003665787|08/01/2018||3.125|359081.26|23|337|337|09/2046|36540|0|N|||||||||||||||||||N
100003665787|09/01/2018||3.125|358413.84|24|336|336|09/2046|36540|0|N|||||||||||||||||||N
100003665787|10/01/2018||3.125|357501.76|25|335|335|09/2046|36540|0|N|||||||||||||||||||N
100003665787|11/01/2018||3.125|356830.62|26|334|334|09/2046|36540|0|N|||||||||||||||||||N
100003665787|12/01/2018||3.125|356157.74|27|333|333|09/2046|36540|0|N|||||||||||||||||||N
100003665787|01/01/2019||3.125|355483.1|28|332|332|09/2046|36540|0|N|||||||||||||||||||N
100003665787|02/01/2019||3.125|354806.71|29|331|331|09/2046|36540|0|N|||||||||||||||||||N
100003665787|03/01/2019||3.125|354128.56|30|330|330|09/2046|36540|0|N|||||||||||||||||||N
100003665787|04/01/2019||3.125|353448.64|31|329|329|09/2046|36540|0|N|||||||||||||||||||N
100003665787|05/01/2019||3.125|352766.95|32|328|328|09/2046|36540|0|N|||||||||||||||||||N
100003665787|06/01/2019||3.125|352083.48|33|327|327|09/2046|36540|0|N|||||||||||||||||||N
100003665787|07/01/2019||3.125|351398.23|34|326|326|09/2046|36540|0|N|||||||||||||||||||N
100003665787|08/01/2019||3.125|350711.2|35|325|325|09/2046|36540|0|N|||||||||||||||||||N
100003665787|09/01/2019||3.125|350022.38|36|324|324|09/2046|36540|0|N|||||||||||||||||||N
100005168281|10/01/2016|OTHER|2.875||-1|181|180|11/2031|14100|0|N|||||||||||||||||||N
100005168281|11/01/2016||2.875||0|180|180|11/2031|14100|0|N|||||||||||||||||||N
100005168281|12/01/2016||2.875||1|179|179|11/2031|14100|0|N|||||||||||||||||||N
100005168281|01/01/2017||2.875||2|178|178|11/2031|14100|0|N|||||||||||||||||||N
100005168281|02/01/2017||2.875||3|177|177|11/2031|14100|0|N|||||||||||||||||||N
100005168281|03/01/2017||2.875||4|176|176|11/2031|14100|0|N|||||||||||||||||||N
100005168281|04/01/2017||2.875|312074.33|5|175|169|11/2031|14100|0|N|||||||||||||||||||N
100005168281|05/01/2017||2.875|310489.08|6|174|168|11/2031|14100|0|N|||||||||||||||||||N
100005168281|06/01/2017||2.875|308900.03|7|173|166|11/2031|14100|0|N|||||||||||||||||||N
100005168281|07/01/2017||2.875|307307.17|8|172|165|11/2031|14100|0|N|||||||||||||||||||N
100005168281|08/01/2017||2.875|305710.5|9|171|164|11/2031|14100|0|N|||||||||||||||||||N
100005168281|09/01/2017||2.875|304110|10|170|163|11/2031|14100|0|N|||||||||||||||||||N
100005168281|10/01/2017||2.875|302505.67|11|169|162|11/2031|14100|0|N|||||||||||||||||||N
100005168281|11/01/2017||2.875|300897.49|12|168|161|11/2031|14100|0|N|||||||||||||||||||N
100005168281|12/01/2017||2.875|299285.46|13|167|160|11/2031|14100|0|N|||||||||||||||||||N
100005168281|01/01/2018||2.875|295669.57|14|166|158|11/2031|14100|0|N|||||||||||||||||||N
100005168281|02/01/2018||2.875|294045.02|15|165|157|11/2031|14100|0|N|||||||||||||||||||N
100005168281|03/01/2018||2.875|292416.57|16|164|156|11/2031|14100|0|N|||||||||||||||||||N
100005168281|04/01/2018||2.875|290784.22|17|163|155|11/2031|14100|0|N|||||||||||||||||||N
100005168281|05/01/2018||2.875|289147.96|18|162|154|11/2031|14100|0|N|||||||||||||||||||N
100005168281|06/01/2018||2.875|287507.78|19|161|153|11/2031|14100|0|N|||||||||||||||||||N
100005168281|07/01/2018||2.875|285863.67|20|160|152|11/2031|14100|0|N|||||||||||||||||||N
100005168281|08/01/2018||2.875|274215.62|21|159|144|11/2031|14100|0|N|||||||||||||||||||N
100005168281|09/01/2018||2.875|272539.66|22|158|143|11/2031|14100|0|N|||||||||||||||||||N
100005168281|10/01/2018||2.875|270859.69|23|157|142|11/2031|14100|0|N|||||||||||||||||||N
100005168281|11/01/2018||2.875|269175.69|24|156|141|11/2031|14100|0|N|||||||||||||||||||N
100005168281|12/01/2018||2.875|267487.66|25|155|140|11/2031|14100|0|N|||||||||||||||||||N
100005168281|01/01/2019||2.875|265795.59|26|154|139|11/2031|14100|0|N|||||||||||||||||||N
100005168281|02/01/2019||2.875|264099.46|27|153|138|11/2031|14100|0|N|||||||||||||||||||N
100005168281|03/01/2019||2.875|262399.27|28|152|137|11/2031|14100|0|N|||||||||||||||||||N
100005168281|04/01/2019||2.875|260695|29|151|136|11/2031|14100|0|N|||||||||||||||||||N
100005168281|05/01/2019||2.875|258986.65|30|150|135|11/2031|14100|0|N|||||||||||||||||||N
100005168281|06/01/2019||2.875|257274.21|31|149|134|11/2031|14100|0|N|||||||||||||||||||N
100005168281|07/01/2019||2.875|255557.67|32|148|133|11/2031|14100|0|N|||||||||||||||||||N
100005168281|08/01/2019||2.875|253837.01|33|147|132|11/2031|14100|0|N|||||||||||||||||||N
100005168281|09/01/2019||2.875|252112.23|34|146|131|11/2031|14100|0|N|||||||||||||||||||N
100005516991|10/01/2016|OTHER|3.75||0|360|360|10/2046|38060|0|N|||||||||||||||||||N
100005516991|11/01/2016||3.75||1|359|359|10/2046|38060|0|N|||||||||||||||||||N
100005516991|12/01/2016||3.75||2|358|358|10/2046|38060|0|N|||||||||||||||||||N
100005516991|01/01/2017||3.75||3|357|357|10/2046|38060|0|N|||||||||||||||||||N
100005516991|02/01/2017||3.75||4|356|356|10/2046|38060|0|N|||||||||||||||||||N
100005516991|03/01/2017||3.75||5|355|355|10/2046|38060|0|N|||||||||||||||||||N
100005516991|04/01/2017||3.75|190746.73|6|354|354|10/2046|38060|0|N|||||||||||||||||||N
100005516991|05/01/2017||3.75|190451.31|7|353|353|10/2046|38060|0|N|||||||||||||||||||N
100005516991|06/01/2017||3.75|190154.97|8|352|352|10/2046|38060|0|N|||||||||||||||||||N
100005516991|07/01/2017||3.75|189857.7|9|351|351|10/2046|38060|0|N|||||||||||||||||||N
100005516991|08/01/2017||3.75|189559.51|10|350|350|10/2046|38060|0|N|||||||||||||||||||N
100005516991|09/01/2017||3.75|189260.38|11|349|349|10/2046|38060|0|N|||||||||||||||||||N
100005516991|10/01/2017||3.75|188960.32|12|348|348|10/2046|38060|0|N|||||||||||||||||||N
100005516991|11/01/2017||3.75|188659.32|13|347|347|10/2046|38060|0|N|||||||||||||||||||N
100005516991|12/01/2017||3.75|188357.38|14|346|346|10/2046|38060|0|N|||||||||||||||||||N
100005516991|01/01/2018||3.75|187991.51|15|345|345|10/2046|38060|0|N|||||||||||||||||||N
100005516991|02/01/2018|NEW RESIDENTIAL MORTGAGE LLC|3.75|187687.48|16|344|344|10/2046|38060|0|N|||||||||||||||||||Y
100005516991|03/01/2018||3.75|187382.5|17|343|343|10/2046|38060|0|N|||||||||||||||||||Y
100005516991|04/01/2018||3.75|187076.57|18|342|342|10/2046|38060|0|N|||||||||||||||||||N
100005516991|05/01/2018||3.75|186769.68|19|341|341|10/2046|38060|0|N|||||||||||||||||||N
100005516991|06/01/2018||3.75|186461.84|20|340|340|10/2046|38060|0|N|||||||||||||||||||N
100005516991|07/01/2018||3.75|186153.03|21|339|339|10/2046|38060|0|N|||||||||||||||||||N
100005516991|08/01/2018||3.75|185843.26|22|338|338|10/2046|38060|0|N|||||||||||||||||||N
100005516991|09/01/2018||3.75|185532.52|23|337|337|10/2046|38060|0|N|||||||||||||||||||N
100005516991|10/01/2018||3.75|185220.81|24|336|336|10/2046|38060|0|N|||||||||||||||||||N
100005516991|11/01/2018||3.75|184908.13|25|335|335|10/2046|38060|0|N|||||||||||||||||||N
100005516991|12/01/2018||3.75|184594.47|26|334|334|10/2046|38060|0|N|||||||||||||||||||N
100005516991|01/01/2019||3.75|184279.83|27|333|333|10/2046|38060|0|N|||||||||||||||||||N
100005516991|02/01/2019||3.75|183964.2|28|332|332|10/2046|38060|0|N|||||||||||||||||||Y
100005516991|03/01/2019||3.75|183647.59|29|331|331|10/2046|38060|0|N|||||||||||||||||||N
100005516991|04/01/2019||3.75|183329.99|30|330|330|10/2046|38060|0|N|||||||||||||||||||N
100005516991|05/01/2019||3.75|183011.4|31|329|329|10/2046|38060|0|N|||||||||||||||||||N
100005516991|06/01/2019||3.75|182691.81|32|328|328|10/2046|38060|0|N|||||||||||||||||||N
100005516991|07/01/2019||3.75|182371.22|33|327|327|10/2046|38060|0|N|||||||||||||||||||N
100005516991|08/01/2019||3.75|182049.63|34|326|326|10/2046|38060|0|N|||||||||||||||||||N
100005516991|09/01/2019||3.75|181727.04|35|325|325|10/2046|38060|0|N|||||||||||||||||||N
100005598239|11/01/2016|ROUNDPOINT MORTGAGE SERVICING CORPORATION|3.875||0|360|360|11/2046|39900|0|N|||||||||||||||||||N
100005598239|12/01/2016||3.875||1|359|359|11/2046|39900|0|N|||||||||||||||||||N
100005598239|01/01/2017||3.875||2|358|358|11/2046|39900|0|N|||||||||||||||||||N
100005598239|02/01/2017||3.875||3|357|357|11/2046|39900|0|N|||||||||||||||||||N
100005598239|03/01/2017||3.875||4|356|356|11/2046|39900|0|N|||||||||||||||||||N
100005598239|04/01/2017||3.875||5|355|355|11/2046|39900|0|N|||||||||||||||||||N
100005598239|05/01/2017||3.875|410310.91|6|354|354|11/2046|39900|0|N|||||||||||||||||||N
100005598239|06/01/2017||3.875|409689.09|7|353|353|11/2046|39900|0|N|||||||||||||||||||N
100005598239|07/01/2017||3.875|409065.26|8|352|352|11/2046|39900|0|N|||||||||||||||||||N
100005598239|08/01/2017||3.875|408439.42|9|351|351|11/2046|39900|0|N|||||||||||||||||||N
100005598239|09/01/2017||3.875|407811.56|10|350|350|11/2046|39900|0|N|||||||||||||||||||N
100005598239|10/01/2017||3.875|407181.67|11|349|349|11/2046|39900|0|N|||||||||||||||||||N
100005598239|11/01/2017||3.875|406549.75|12|348|348|11/2046|39900|0|N|||||||||||||||||||N
100005598239|12/01/2017||3.875|405915.79|13|347|347|11/2046|39900|0|N|||||||||||||||||||N
100005598239|01/01/2018||3.875|405279.78|14|346|346|11/2046|39900|0|N|||||||||||||||||||N
100005598239|02/01/2018||3.875|404641.72|15|345|345|11/2046|39900|0|N|||||||||||||||||||N
100005598239|03/01/2018||3.875|404001.6|16|344|344|11/2046|39900|0|N|||||||||||||||||||N
100005598239|04/01/2018||3.875|403359.41|17|343|343|11/2046|39900|0|N|||||||||||||||||||N
100005598239|05/01/2018||3.875|402715.14|18|342|342|11/2046|39900|0|N|||||||||||||||||||N
100005598239|06/01/2018||3.875|402068.79|19|341|341|11/2046|39900|0|N|||||||||||||||||||N
100005598239|07/01/2018||3.875|401420.36|20|340|340|11/2046|39900|0|N|||||||||||||||||||N
100005598239|08/01/2018||3.875|400769.83|21|339|339|11/2046|39900|0|N|||||||||||||||||||N
100005598239|09/01/2018||3.875|400117.2|22|338|338|11/2046|39900|0|N|||||||||||||||||||N
100005598239|10/01/2018||3.875|399462.47|23|337|337|11/2046|39900|0|N|||||||||||||||||||N
100005598239|11/01/2018||3.875|398805.62|24|336|336|11/2046|39900|0|N|||||||||||||||||||N
100005598239|12/01/2018||3.875|398146.65|25|335|335|11/2046|39900|0|N|||||||||||||||||||N
100005598239|01/01/2019||3.875|397485.55|26|334|334|11/2046|39900|0|N|||||||||||||||||||N
100005598239|02/01/2019||3.875|396822.32|27|333|333|11/2046|39900|0|N|||||||||||||||||||N
100005598239|03/01/2019||3.875|396156.95|28|332|332|11/2046|39900|0|N|||||||||||||||||||N
100005598239|04/01/2019||3.875|395489.43|29|331|331|11/2046|39900|0|N|||||||||||||||||||N
100005598239|05/01/2019||3.875|394819.75|30|330|330|11/2046|39900|0|N|||||||||||||||||||N
100005598239|06/01/2019||3.875|394147.91|31|329|329|11/2046|39900|0|N|||||||||||||||||||N
100005598239|07/01/2019||3.875|393473.9|32|328|328|11/2046|39900|0|N|||||||||||||||||||N
100005598239|08/01/2019||3.875|392797.71|33|327|327|11/2046|39900|0|N|||||||||||||||||||N
100005598239|09/01/2019||3.875|392119.34|34|326|326|11/2046|39900|0|N|||||||||||||||||||N
100005629219|12/01/2016|OTHER|3.625||-1|361|360|01/2047|24340|0|N|||||||||||||||||||N
100005629219|01/01/2017||3.625||0|360|360|01/2047|24340|0|N|||||||||||||||||||N
100005629219|02/01/2017||3.625||1|359|359|01/2047|24340|0|N|||||||||||||||||||N
100005629219|03/01/2017||3.625||2|358|358|01/2047|24340|0|N|||||||||||||||||||N
100005629219|04/01/2017||3.625||3|357|357|01/2047|24340|0|N|||||||||||||||||||N
100005629219|05/01/2017||3.625||4|356|356|01/2047|24340|0|N|||||||||||||||||||N
100005629219|06/01/2017||3.625|87318.4|5|355|355|01/2047|24340|0|N|||||||||||||||||||N
100005629219|07/01/2017||3.625|87180.84|6|354|354|01/2047|24340|0|N|||||||||||||||||||N
100005629219|08/01/2017||3.625|87042.87|7|353|353|01/2047|24340|0|N|||||||||||||||||||N
100005629219|09/01/2017||3.625|86904.48|8|352|352|01/2047|24340|0|N|||||||||||||||||||N
100005629219|10/01/2017||3.625|86765.67|9|351|351|01/2047|24340|0|N|||||||||||||||||||N
100005629219|11/01/2017||3.625|86626.44|10|350|350|01/2047|24340|0|N|||||||||||||||||||N
100005629219|12/01/2017||3.625|86486.79|11|349|349|01/2047|24340|0|N|||||||||||||||||||N
100005629219|01/01/2018||3.625|86346.72|12|348|348|01/2047|24340|0|N|||||||||||||||||||N
100005629219|02/01/2018||3.625|86206.23|13|347|347|01/2047|24340|0|N|||||||||||||||||||N
100005629219|03/01/2018||3.625|86065.31|14|346|346|01/2047|24340|0|N|||||||||||||||||||N
100005629219|04/01/2018||3.625|85923.97|15|345|345|01/2047|24340|0|N|||||||||||||||||||N
100005629219|05/01/2018||3.625|85782.2|16|344|344|01/2047|24340|0|N|||||||||||||||||||N
100005629219|06/01/2018||3.625|85640|17|343|343|01/2047|24340|0|N|||||||||||||||||||N
100005629219|07/01/2018||3.625|85497.37|18|342|342|01/2047|24340|0|N|||||||||||||||||||N
100005629219|08/01/2018||3.625|85354.31|19|341|341|01/2047|24340|0|N|||||||||||||||||||N
100005629219|09/01/2018||3.625|85210.82|20|340|340|01/2047|24340|0|N|||||||||||||||||||N
100005629219|10/01/2018||3.625|85066.9|21|339|339|01/2047|24340|0|N|||||||||||||||||||N
100005629219|11/01/2018||3.625|84922.54|22|338|338|01/2047|24340|0|N|||||||||||||||||||N
100005629219|12/01/2018||3.625|84777.75|23|337|337|01/2047|24340|0|N|||||||||||||||||||N
100005629219|01/01/2019||3.625|84632.52|24|336|336|01/2047|24340|0|N|||||||||||||||||||N
100005629219|02/01/2019||3.625|84486.85|25|335|335|01/2047|24340|0|N|||||||||||||||||||N
100005629219|03/01/2019||3.625|84340.74|26|334|334|01/2047|24340|0|N|||||||||||||||||||N
100005629219|04/01/2019||3.625|84194.19|27|333|333|01/2047|24340|0|N|||||||||||||||||||N
100005629219|05/01/2019||3.625|84047.2|28|332|332|01/2047|24340|0|N|||||||||||||||||||N
100005629219|06/01/2019||3.625|83899.76|29|331|331|01/2047|24340|0|N|||||||||||||||||||N
100005629219|07/01/2019||3.625|83751.88|30|330|330|01/2047|24340|0|N|||||||||||||||||||N
100005629219|08/01/2019||3.625|83603.55|31|329|329|01/2047|24340|0|N|||||||||||||||||||N
100005629219|09/01/2019||3.625|83454.77|32|328|328|01/2047|24340|0|N|||||||||||||||||||N
100006141175|12/01/2016|OTHER|2.75||-1|181|180|01/2032|12420|0|N|||||||||||||||||||N
100006141175|01/01/2017||2.75||0|180|180|01/2032|12420|0|N|||||||||||||||||||N
100006141175|02/01/2017||2.75||1|179|179|01/2032|12420|0|N|||||||||||||||||||N
100006141175|03/01/2017||2.75||2|178|178|01/2032|12420|0|N|||||||||||||||||||N
100006141175|04/01/2017||2.75||3|177|177|01/2032|12420|0|N|||||||||||||||||||N
100006141175|05/01/2017||2.75||4|176|176|01/2032|12420|0|N|||||||||||||||||||N
100006141175|06/01/2017||2.75|361254.38|5|175|175|01/2032|12420|0|N|||||||||||||||||||N
100006141175|07/01/2017||2.75|359565.24|6|174|174|01/2032|12420|0|N|||||||||||||||||||N
100006141175|08/01/2017||2.75|357872.23|7|173|173|01/2032|12420|0|N|||||||||||||||||||N
100006141175|09/01/2017||2.75|356175.34|8|172|172|01/2032|12420|0|N|||||||||||||||||||N
100006141175|10/01/2017||2.75|354474.57|9|171|171|01/2032|12420|0|N|||||||||||||||||||N
100006141175|11/01/2017||2.75|352769.9|10|170|170|01/2032|12420|0|N|||||||||||||||||||N
100006141175|12/01/2017||2.75|351061.32|11|169|169|01/2032|12420|0|N|||||||||||||||||||N
100006141175|01/01/2018||2.75|349348.83|12|168|168|01/2032|12420|0|N|||||||||||||||||||N
100006141175|02/01/2018||2.75|347632.41|13|167|167|01/2032|12420|0|N|||||||||||||||||||N
100006141175|03/01/2018||2.75|345912.06|14|166|166|01/2032|12420|0|N|||||||||||||||||||N
100006141175|04/01/2018||2.75|344187.77|15|165|165|01/2032|12420|0|N|||||||||||||||||||N
100006141175|05/01/2018||2.75|342459.52|16|164|164|01/2032|12420|0|N|||||||||||||||||||N
100006141175|06/01/2018||2.75|342459.52|17|163|0|01/2032|12420|X|N|01|06/2018|||||||||||||||N||
100006975626|10/01/2016|OTHER|3.5||0|360|360|10/2046|31080|0|N|||||||||||||||||||N
100006975626|11/01/2016||3.5||1|359|359|10/2046|31080|0|N|||||||||||||||||||N
100006975626|12/01/2016||3.5||2|358|357|10/2046|31080|0|N|||||||||||||||||||N
100006975626|01/01/2017||3.5||3|357|357|10/2046|31080|0|N|||||||||||||||||||N
100006975626|02/01/2017||3.5||4|356|356|10/2046|31080|0|N|||||||||||||||||||N
100006975626|03/01/2017||3.5||5|355|354|10/2046|31080|0|N|||||||||||||||||||N
100006975626|04/01/2017||3.5|336766.01|6|354|354|10/2046|31080|0|N|||||||||||||||||||N
100006975626|05/01/2017||3.5|336221.49|7|353|353|10/2046|31080|0|N|||||||||||||||||||N
100006975626|06/01/2017||3.5|335127.69|8|352|351|10/2046|31080|0|N|||||||||||||||||||N
100006975626|07/01/2017|U.S. BANK N.A.|3.5|335127.69|9|351|351|10/2046|31080|0|N|||||||||||||||||||N
100006975626|08/01/2017||3.5|334578.4|10|350|350|10/2046|31080|0|N|||||||||||||||||||N
100006975626|09/01/2017||3.5|333475|11|349|348|10/2046|31080|0|N|||||||||||||||||||N
100006975626|10/01/2017||3.5|333475|12|348|348|10/2046|31080|0|N|||||||||||||||||||N
100006975626|11/01/2017||3.5|332920.89|13|347|347|10/2046|31080|0|N|||||||||||||||||||N
100006975626|12/01/2017||3.5|331807.81|14|346|345|10/2046|31080|0|N|||||||||||||||||||N
100006975626|01/01/2018||3.5|331807.81|15|345|345|10/2046|31080|0|N|||||||||||||||||||N
100006975626|02/01/2018||3.5|331248.83|16|344|344|10/2046|31080|0|N|||||||||||||||||||N
100006975626|03/01/2018||3.5|330125.98|17|343|342|10/2046|31080|0|N|||||||||||||||||||N
100006975626|04/01/2018||3.5|330125.98|18|342|342|10/2046|31080|0|N|||||||||||||||||||N
100006975626|05/01/2018||3.5|329562.1|19|341|341|10/2046|31080|0|N|||||||||||||||||||N
100006975626|06/01/2018||3.5|328429.39|20|340|339|10/2046|31080|0|N|||||||||||||||||||N
100006975626|07/01/2018||3.5|328429.39|21|339|339|10/2046|31080|0|N|||||||||||||||||||N
100006975626|08/01/2018||3.5|327290.07|22|338|337|10/2046|31080|0|N|||||||||||||||||||N
100006975626|09/01/2018||3.5|327290.07|23|337|337|10/2046|31080|0|N|||||||||||||||||||N
100006975626|10/01/2018||3.5|326717.92|24|336|336|10/2046|31080|0|N|||||||||||||||||||N
100006975626|11/01/2018||3.5|325568.6|25|335|334|10/2046|31080|0|N|||||||||||||||||||N
100006975626|12/01/2018||3.5|324991.43|26|334|333|10/2046|31080|0|N|||||||||||||||||||N
100006975626|01/01/2019||3.5|324991.43|27|333|333|10/2046|31080|0|N|||||||||||||||||||N
100006975626|02/01/2019||3.5|324412.57|28|332|332|10/2046|31080|0|N|||||||||||||||||||N
100006975626|03/01/2019||3.5|323832.02|29|331|331|10/2046|31080|0|N|||||||||||||||||||N
100006975626|04/01/2019||3.5|323249.78|30|330|330|10/2046|31080|0|N|||||||||||||||||||N
100006975626|05/01/2019||3.5|321279.03|31|329|327|10/2046|31080|0|N|||||||||||||||||||N
100006975626|06/01/2019||3.5|321279.03|32|328|327|10/2046|31080|0|N|||||||||||||||||||N
100006975626|07/01/2019||3.5|320289.34|33|327|325|10/2046|31080|0|N|||||||||||||||||||N
100006975626|08/01/2019||3.5|318301.3|34|326|322|10/2046|31080|0|N|||||||||||||||||||N
100006975626|09/01/2019||3.5|318301.3|35|325|322|10/2046|31080|0|N|||||||||||||||||||N
100007370765|10/01/2016|WELLS FARGO BANK, N.A.|3.875||1|359|359|09/2046|20700|0|N|||||||||||||||||||N
100007370765|11/01/2016||3.875||2|358|358|09/2046|20700|0|N|||||||||||||||||||N
100007370765|12/01/2016||3.875||3|357|357|09/2046|20700|0|N|||||||||||||||||||N
100007370765|01/01/2017||3.875||4|356|356|09/2046|20700|0|N|||||||||||||||||||N
100007370765|02/01/2017||3.875||5|355|355|09/2046|20700|0|N|||||||||||||||||||N
100007370765|03/01/2017||3.875||6|354|354|09/2046|20700|0|N|||||||||||||||||||N
100007370765|04/01/2017||3.875|89062.88|7|353|353|09/2046|20700|0|N|||||||||||||||||||N
100007370765|05/01/2017||3.875|88927.27|8|352|352|09/2046|20700|0|N|||||||||||||||||||N
100007370765|06/01/2017||3.875|88791.22|9|351|351|09/2046|20700|0|N|||||||||||||||||||N
100007370765|07/01/2017||3.875|88654.73|10|350|350|09/2046|20700|0|N|||||||||||||||||||N
100007370765|08/01/2017||3.875|88517.8|11|349|349|09/2046|20700|0|N|||||||||||||||||||N
100007370765|09/01/2017||3.875|88336.45|12|348|348|09/2046|20700|0|N|||||||||||||||||||N
100007370765|10/01/2017||3.875|88198.49|13|347|347|09/2046|20700|0|N|||||||||||||||||||N
100007370765|11/01/2017||3.875|88060.09|14|346|346|09/2046|20700|0|N|||||||||||||||||||N
100007370765|12/01/2017||3.875|87921.24|15|345|345|09/2046|20700|0|N|||||||||||||||||||N
100007370765|01/01/2018||3.875|87781.94|16|344|344|09/2046|20700|0|N|||||||||||||||||||N
100007370765|02/01/2018||3.875|87642.19|17|343|343|09/2046|20700|0|N|||||||||||||||||||N
100007370765|03/01/2018||3.875|87501.99|18|342|342|09/2046|20700|0|N|||||||||||||||||||N
100007370765|04/01/2018||3.875|87361.34|19|341|341|09/2046|20700|0|N|||||||||||||||||||N
100007370765|05/01/2018||3.875|87220.23|20|340|340|09/2046|20700|0|N|||||||||||||||||||N
100007370765|06/01/2018||3.875|87078.19|21|339|339|09/2046|20700|0|N|||||||||||||||||||Y
100007370765|07/01/2018||3.875|86936.17|22|338|338|09/2046|20700|0|N|||||||||||||||||||N
100007370765|08/01/2018||3.875|86793.69|23|337|337|09/2046|20700|0|N|||||||||||||||||||N
100007370765|09/01/2018||3.875|86650.75|24|336|336|09/2046|20700|0|N|||||||||||||||||||N
100007370765|10/01/2018||3.875|86507.35|25|335|335|09/2046|20700|0|N|||||||||||||||||||N
100007370765|11/01/2018||3.875|86363.49|26|334|334|09/2046|20700|0|N|||||||||||||||||||N
100007370765|12/01/2018||3.875|86219.16|27|333|333|09/2046|20700|0|N|||||||||||||||||||N
100007370765|01/01/2019||3.875|86074.37|28|332|332|09/2046|20700|0|N|||||||||||||||||||N
100007370765|02/01/2019||3.875|85929.11|29|331|331|09/2046|20700|0|N|||||||||||||||||||N
100007370765|03/01/2019||3.875|85783.38|30|330|330|09/2046|20700|0|N|||||||||||||||||||N
100007370765|04/01/2019||3.875|85637.18|31|329|329|09/2046|20700|0|N|||||||||||||||||||N
100007370765|05/01/2019||3.875|85490.51|32|328|328|09/2046|20700|0|N|||||||||||||||||||N
100007370765|06/01/2019||3.875|85343.36|33|327|327|09/2046|20700|0|N|||||||||||||||||||N
100007370765|07/01/2019||3.875|85195.74|34|326|326|09/2046|20700|0|N|||||||||||||||||||N
100007370765|08/01/2019||3.875|85047.64|35|325|325|09/2046|20700|0|N|||||||||||||||||||N
100007370765|09/01/2019||3.875|84899.06|36|324|324|09/2046|20700|0|N|||||||||||||||||||N
100010502729|10/01/2016|WELLS FARGO BANK, N.A.|3.625||2|358|74|08/2046|41180|0|N|||||||||||||||||||N
100010502729|11/01/2016||3.625||3|357|74|08/2046|41180|0|N|||||||||||||||||||N
100010502729|12/01/2016||3.625||4|356|356|08/2046|41180|0|N|||||||||||||||||||N
100010502729|01/01/2017||3.625||5|355|353|08/2046|41180|0|N|||||||||||||||||||N
100010502729|02/01/2017||3.625||6|354|350|08/2046|41180|0|N|||||||||||||||||||N
100010502729|03/01/2017||3.625||7|353|346|08/2046|41180|0|N|||||||||||||||||||N
100010502729|04/01/2017||3.625|29311.72|8|352|343|08/2046|41180|0|N|||||||||||||||||||N
100010502729|05/01/2017||3.625|29162.85|9|351|340|08/2046|41180|0|N|||||||||||||||||||N
100010502729|06/01/2017||3.625|29013.53|10|350|337|08/2046|41180|0|N|||||||||||||||||||N
100010502729|07/01/2017||3.625|28863.76|11|349|334|08/2046|41180|0|N|||||||||||||||||||N
100010502729|08/01/2017||3.625|28713.53|12|348|331|08/2046|41180|0|N|||||||||||||||||||N
100010502729|09/01/2017||3.625|28562.85|13|347|328|08/2046|41180|0|N|||||||||||||||||||N
100010502729|10/01/2017||3.625|28411.71|14|346|325|08/2046|41180|0|N|||||||||||||||||||N
100010502729|11/01/2017||3.625|28260.12|15|345|322|08/2046|41180|0|N|||||||||||||||||||N
100010502729|12/01/2017||3.625|28108.07|16|344|319|08/2046|41180|0|N|||||||||||||||||||N
100010502729|01/01/2018||3.625|27955.56|17|343|317|08/2046|41180|0|N|||||||||||||||||||N
100010502729|02/01/2018||3.625|27802.59|18|342|314|08/2046|41180|0|N|||||||||||||||||||N
100010502729|03/01/2018||3.625|27649.16|19|341|311|08/2046|41180|0|N|||||||||||||||||||N
100010502729|04/01/2018||3.625|27541.2|20|340|309|08/2046|41180|0|N|||||||||||||||||||N
100010502729|05/01/2018||3.625|27541.2|21|339|0|08/2046|41180|X|N|01|05/2018|||||||||||||||N||
100011822556|11/01/2016|OTHER|4.5||0|360|360|11/2046|26620|0|N|||||||||||||||||||N
100011822556|12/01/2016||4.5||1|359|359|11/2046|26620|0|N|||||||||||||||||||N
100011822556|01/01/2017||4.5||2|358|358|11/2046|26620|0|N|||||||||||||||||||N
100011822556|02/01/2017||4.5||3|357|357|11/2046|26620|0|N|||||||||||||||||||N
100011822556|03/01/2017||4.5||4|356|356|11/2046|26620|0|N|||||||||||||||||||N
100011822556|04/01/2017||4.5||5|355|355|11/2046|26620|0|N|||||||||||||||||||N
100011822556|05/01/2017||4.5|99202.41|6|354|354|11/2046|26620|0|N|||||||||||||||||||N
100011822556|06/01/2017||4.5|99067.73|7|353|353|11/2046|26620|0|N|||||||||||||||||||N
100011822556|07/01/2017||4.5|98932.54|8|352|352|11/2046|26620|0|N|||||||||||||||||||N
100011822556|08/01/2017||4.5|98796.85|9|351|351|11/2046|26620|0|N|||||||||||||||||||N
100011822556|09/01/2017||4.5|98660.65|10|350|350|11/2046|26620|0|N|||||||||||||||||||N
100011822556|10/01/2017||4.5|98523.94|11|349|349|11/2046|26620|0|N|||||||||||||||||||N
100011822556|11/01/2017||4.5|98386.71|12|348|348|11/2046|26620|0|N|||||||||||||||||||N
100011822556|12/01/2017||4.5|98248.97|13|347|347|11/2046|26620|0|N|||||||||||||||||||N
100011822556|01/01/2018|MATRIX FINANCIAL SERVICES CORPORATION|4.5|98110.71|14|346|346|11/2046|26620|0|N|||||||||||||||||||Y
100011822556|02/01/2018||4.5|97971.94|15|345|345|11/2046|26620|0|N|||||||||||||||||||N
100011822556|03/01/2018||4.5|97832.64|16|344|344|11/2046|26620|0|N|||||||||||||||||||N
100011822556|04/01/2018||4.5|97692.82|17|343|343|11/2046|26620|0|N|||||||||||||||||||N
100011822556|05/01/2018||4.5|97552.48|18|342|342|11/2046|26620|0|N|||||||||||||||||||N
100011822556|06/01/2018||4.5|97411.61|19|341|341|11/2046|26620|0|N|||||||||||||||||||N
100011822556|07/01/2018||4.5|97270.21|20|340|340|11/2046|26620|0|N|||||||||||||||||||N
100011822556|08/01/2018||4.5|97128.28|21|339|339|11/2046|26620|0|N|||||||||||||||||||N
100011822556|09/01/2018||4.5|97128.28|22|338|339|11/2046|26620|1|N|||||||||||||||||||Y
100011822556|10/01/2018||4.5|97128.28|23|337|339|11/2046|26620|2|N|||||||||||||||||||Y
100011822556|11/01/2018||4.5|96699.3|24|336|336|11/2046|26620|0|N|||||||||||||||||||N
100011822556|12/01/2018||4.5|96555.23|25|335|335|11/2046|26620|0|N|||||||||||||||||||N
100011822556|01/01/2019||4.5|96410.62|26|334|334|11/2046|26620|0|N|||||||||||||||||||N
100011822556|02/01/2019||4.5|96265.47|27|333|333|11/2046|26620|0|N|||||||||||||||||||N
100011822556|03/01/2019||4.5|96119.78|28|332|332|11/2046|26620|0|N|||||||||||||||||||N
100011822556|04/01/2019||4.5|95973.54|29|331|331|11/2046|26620|0|N|||||||||||||||||||N
100011822556|05/01/2019||4.5|95826.75|30|330|330|11/2046|26620|0|N|||||||||||||||||||N
100011822556|06/01/2019||4.5|95679.41|31|329|329|11/2046|26620|0|N|||||||||||||||||||N
100011822556|07/01/2019||4.5|95531.52|32|328|328|11/2046|26620|0|N|||||||||||||||||||N
100011822556|08/01/2019||4.5|95383.07|33|327|327|11/2046|26620|0|N|||||||||||||||||||N
100011822556|09/01/2019||4.5|95234.07|34|326|326|11/2046|26620|0|N|||||||||||||||||||N
100013042826|11/01/2016|WELLS FARGO BANK, N.A.|4.25||0|360|359|11/2046|29740|0|N|||||||||||||||||||N
100013042826|12/01/2016||4.25||1|359|359|11/2046|29740|0|N|||||||||||||||||||N
100013042826|01/01/2017||4.25||2|358|358|11/2046|29740|0|N|||||||||||||||||||N
100013042826|02/01/2017||4.25||3|357|357|11/2046|29740|0|N|||||||||||||||||||N
100013042826|03/01/2017||4.25||4|356|356|11/2046|29740|0|N|||||||||||||||||||N
100013042826|04/01/2017||4.25||5|355|355|11/2046|29740|0|N|||||||||||||||||||N
100013042826|05/01/2017||4.25|139032.62|6|354|354|11/2046|29740|0|N|||||||||||||||||||N
100013042826|06/01/2017||4.25|138785.7|7|353|352|11/2046|29740|0|N|||||||||||||||||||N
100013042826|07/01/2017||4.25|138537.9|8|352|351|11/2046|29740|0|N|||||||||||||||||||N
100013042826|08/01/2017||4.25|138086.88|9|351|349|11/2046|29740|0|N|||||||||||||||||||N
100013042826|09/01/2017||4.25|137497.28|10|350|346|11/2046|29740|0|N|||||||||||||||||||N
100013042826|10/01/2017||4.25|137497.28|11|349|346|11/2046|29740|0|N|||||||||||||||||||N
100013042826|11/01/2017||4.25|137200.91|12|348|344|11/2046|29740|0|N|||||||||||||||||||N
100013042826|12/01/2017||4.25|136903.49|13|347|343|11/2046|29740|0|N|||||||||||||||||||N
100013042826|01/01/2018||4.25|136605.02|14|346|342|11/2046|29740|0|N|||||||||||||||||||N
100013042826|02/01/2018||4.25|136397.49|15|345|340|11/2046|29740|0|N|||||||||||||||||||N
100013042826|03/01/2018||4.25|136189.88|16|344|339|11/2046|29740|0|N|||||||||||||||||||N
100013042826|04/01/2018||4.25|135981.54|17|343|338|11/2046|29740|0|N|||||||||||||||||||N
100013042826|05/01/2018||4.25|135772.46|18|342|337|11/2046|29740|0|N|||||||||||||||||||N
100013042826|06/01/2018||4.25|135562.64|19|341|336|11/2046|29740|0|N|||||||||||||||||||Y
100013042826|07/01/2018||4.25|135352.08|20|340|335|11/2046|29740|0|N|||||||||||||||||||N
100013042826|08/01/2018||4.25|135140.77|21|339|334|11/2046|29740|0|N|||||||||||||||||||N
100013042826|09/01/2018||4.25|134928.71|22|338|333|11/2046|29740|0|N|||||||||||||||||||N
100013042826|10/01/2018||4.25|134715.9|23|337|332|11/2046|29740|0|N|||||||||||||||||||N
100013042826|11/01/2018||4.25|134502.34|24|336|331|11/2046|29740|0|N|||||||||||||||||||N
100013042826|12/01/2018||4.25|134288.02|25|335|330|11/2046|29740|0|N|||||||||||||||||||N
100013042826|01/01/2019||4.25|134072.94|26|334|329|11/2046|29740|0|N|||||||||||||||||||N
100013042826|02/01/2019||4.25|133857.1|27|333|328|11/2046|29740|0|N|||||||||||||||||||N
100013042826|03/01/2019||4.25|133640.5|28|332|327|11/2046|29740|0|N|||||||||||||||||||N
100013042826|04/01/2019||4.25|133423.13|29|331|326|11/2046|29740|0|N|||||||||||||||||||N
100013042826|05/01/2019||4.25|133204.99|30|330|325|11/2046|29740|0|N|||||||||||||||||||N
100013042826|06/01/2019||4.25|132986.08|31|329|324|11/2046|29740|0|N|||||||||||||||||||N
100013042826|07/01/2019||4.25|132766.39|32|328|323|11/2046|29740|0|N|||||||||||||||||||N
100013042826|08/01/2019||4.25|132545.92|33|327|322|11/2046|29740|0|N|||||||||||||||||||N
100013042826|09/01/2019||4.25|132324.67|34|326|321|11/2046|29740|0|N|||||||||||||||||||N
100013626951|10/01/2016|OTHER|3.625||0|360|359|10/2046|40140|0|N|||||||||||||||||||N
100013626951|11/01/2016||3.625||1|359|359|10/2046|40140|0|N|||||||||||||||||||N
100013626951|12/01/2016||3.625||2|358|358|10/2046|40140|0|N|||||||||||||||||||N
100013626951|01/01/2017||3.625||3|357|357|10/2046|40140|0|N|||||||||||||||||||N
100013626951|02/01/2017||3.625||4|356|356|10/2046|40140|0|N|||||||||||||||||||N
100013626951|03/01/2017||3.625||5|355|355|10/2046|40140|0|N|||||||||||||||||||N
100013626951|04/01/2017||3.625|358135.08|6|354|354|10/2046|40140|0|N|||||||||||||||||||N
100013626951|05/01/2017||3.625|357568.32|7|353|353|10/2046|40140|0|N|||||||||||||||||||N
100013626951|06/01/2017||3.625|356999.84|8|352|352|10/2046|40140|0|N|||||||||||||||||||N
100013626951|07/01/2017||3.625|356429.65|9|351|351|10/2046|40140|0|N|||||||||||||||||||N
100013626951|08/01/2017||3.625|355857.73|10|350|350|10/2046|40140|0|N|||||||||||||||||||N
100013626951|09/01/2017||3.625|355284.09|11|349|349|10/2046|40140|0|N|||||||||||||||||||N
100013626951|10/01/2017||3.625|354708.71|12|348|348|10/2046|40140|0|N|||||||||||||||||||N
100013626951|11/01/2017||3.625|354131.6|13|347|347|10/2046|40140|0|N|||||||||||||||||||N
100013626951|12/01/2017||3.625|353552.74|14|346|346|10/2046|40140|0|N|||||||||||||||||||N
100013626951|01/01/2018||3.625|352972.13|15|345|345|10/2046|40140|0|N|||||||||||||||||||N
100013626951|02/01/2018||3.625|352389.77|16|344|344|10/2046|40140|0|N|||||||||||||||||||N
100013626951|03/01/2018||3.625|351805.65|17|343|343|10/2046|40140|0|N|||||||||||||||||||N
100013626951|04/01/2018||3.625|351219.77|18|342|342|10/2046|40140|0|N|||||||||||||||||||N
100013626951|05/01/2018||3.625|350632.12|19|341|341|10/2046|40140|0|N|||||||||||||||||||N
100013626951|06/01/2018||3.625|350042.69|20|340|340|10/2046|40140|0|N|||||||||||||||||||N
100013626951|07/01/2018||3.625|349451.48|21|339|339|10/2046|40140|0|N|||||||||||||||||||N
100013626951|08/01/2018||3.625|348858.48|22|338|338|10/2046|40140|0|N|||||||||||||||||||N
100013626951|09/01/2018||3.625|348263.69|23|337|337|10/2046|40140|0|N|||||||||||||||||||N
100013626951|10/01/2018|PNC BANK, N.A.|3.625|347667.11|24|336|336|10/2046|40140|0|N|||||||||||||||||||Y
100013626951|11/01/2018||3.625|347068.72|25|335|335|10/2046|40140|0|N|||||||||||||||||||N
100013626951|12/01/2018||3.625|346468.53|26|334|334|10/2046|40140|0|N|||||||||||||||||||N
100013626951|01/01/2019||3.625|345866.52|27|333|333|10/2046|40140|0|N|||||||||||||||||||N
100013626951|02/01/2019||3.625|345262.69|28|332|332|10/2046|40140|0|N|||||||||||||||||||N
100013626951|03/01/2019||3.625|344657.04|29|331|331|10/2046|40140|0|N|||||||||||||||||||N
100013626951|04/01/2019||3.625|343440.25|30|330|329|10/2046|40140|0|N|||||||||||||||||||N
100013626951|05/01/2019||3.625|343440.25|31|329|329|10/2046|40140|0|N|||||||||||||||||||N
100013626951|06/01/2019||3.625|342829.1|32|328|328|10/2046|40140|0|N|||||||||||||||||||N
100013626951|07/01/2019||3.625|342216.1|33|327|327|10/2046|40140|0|N|||||||||||||||||||N
100013626951|08/01/2019||3.625|341601.25|34|326|326|10/2046|40140|0|N|||||||||||||||||||N
100013626951|09/01/2019||3.625|340984.54|35|325|325|10/2046|40140|0|N|||||||||||||||||||N
100013739213|12/01/2016|OTHER|3.75||0|360|360|12/2046|29180|0|N|||||||||||||||||||N
100013739213|01/01/2017||3.75||1|359|359|12/2046|29180|0|N|||||||||||||||||||N
100013739213|02/01/2017||3.75||2|358|358|12/2046|29180|0|N|||||||||||||||||||N
100013739213|03/01/2017||3.75||3|357|357|12/2046|29180|0|N|||||||||||||||||||N
100013739213|04/01/2017||3.75||4|356|356|12/2046|29180|0|N|||||||||||||||||||N
100013739213|05/01/2017||3.75||5|355|355|12/2046|29180|0|N|||||||||||||||||||N
100013739213|06/01/2017||3.75|261433.01|6|354|354|12/2046|29180|0|N|||||||||||||||||||N
100013739213|07/01/2017||3.75|261028.12|7|353|353|12/2046|29180|0|N|||||||||||||||||||N
100013739213|08/01/2017||3.75|260621.96|8|352|352|12/2046|29180|0|N|||||||||||||||||||N
100013739213|09/01/2017||3.75|260214.53|9|351|351|12/2046|29180|0|N|||||||||||||||||||N
100013739213|10/01/2017||3.75|259805.07|10|350|350|12/2046|29180|0|N|||||||||||||||||||N
100013739213|11/01/2017||3.75|259395.09|11|349|349|12/2046|29180|0|N|||||||||||||||||||N
100013739213|12/01/2017||3.75|258983.83|12|348|348|12/2046|29180|0|N|||||||||||||||||||N
100013739213|01/01/2018||3.75|258571.28|13|347|347|12/2046|29180|0|N|||||||||||||||||||N
100013739213|02/01/2018||3.75|258157.45|14|346|346|12/2046|29180|0|N|||||||||||||||||||N
100013739213|03/01/2018||3.75|257742.32|15|345|345|12/2046|29180|0|N|||||||||||||||||||N
100013739213|04/01/2018||3.75|257325.89|16|344|344|12/2046|29180|0|N|||||||||||||||||||N
100013739213|05/01/2018||3.75|256908.16|17|343|343|12/2046|29180|0|N|||||||||||||||||||N
100013739213|06/01/2018||3.75|256489.13|18|342|342|12/2046|29180|0|N|||||||||||||||||||N
100013739213|07/01/2018||3.75|256068.79|19|341|341|12/2046|29180|0|N|||||||||||||||||||N
100013739213|08/01/2018||3.75|255647.13|20|340|340|12/2046|29180|0|N|||||||||||||||||||N
100013739213|09/01/2018||3.75|255224.16|21|339|339|12/2046|29180|0|N|||||||||||||||||||N
100013739213|10/01/2018||3.75|254799.87|22|338|338|12/2046|29180|0|N|||||||||||||||||||N
100013739213|11/01/2018||3.75|254374.25|23|337|337|12/2046|29180|0|N|||||||||||||||||||N
100013739213|12/01/2018||3.75|253947.3|24|336|336|12/2046|29180|0|N|||||||||||||||||||N
100013739213|01/01/2019||3.75|253519.02|25|335|335|12/2046|29180|0|N|||||||||||||||||||N
100013739213|02/01/2019||3.75|253089.4|26|334|334|12/2046|29180|0|N|||||||||||||||||||N
100013739213|03/01/2019||3.75|252658.43|27|333|333|12/2046|29180|0|N|||||||||||||||||||N
100013739213|04/01/2019||3.75|252226.12|28|332|332|12/2046|29180|0|N|||||||||||||||||||N
100013739213|05/01/2019||3.75|251792.46|29|331|331|12/2046|29180|0|N|||||||||||||||||||N
100013739213|06/01/2019||3.75|251357.44|30|330|330|12/2046|29180|0|N|||||||||||||||||||N
100013739213|07/01/2019||3.75|250921.06|31|329|329|12/2046|29180|0|N|||||||||||||||||||N
100013739213|08/01/2019||3.75|250483.32|32|328|328|12/2046|29180|0|N|||||||||||||||||||N
100013739213|09/01/2019||3.75|250044.21|33|327|327|12/2046|29180|0|N|||||||||||||||||||N
100014147474|12/01/2016|FREEDOM MORTGAGE CORP.|3.5||1|359|359|11/2046|16980|0|N|||||||||||||||||||N
100014147474|01/01/2017||3.5||2|358|358|11/2046|16980|0|N|||||||||||||||||||N
100014147474|02/01/2017||3.5||3|357|357|11/2046|16980|0|N|||||||||||||||||||N
100014147474|03/01/2017||3.5||4|356|356|11/2046|16980|0|N|||||||||||||||||||N
100014147474|04/01/2017||3.5||5|355|355|11/2046|16980|0|N|||||||||||||||||||N
100014147474|05/01/2017||3.5||6|354|354|11/2046|16980|0|N|||||||||||||||||||N
100014147474|06/01/2017||3.5|353643.85|7|353|352|11/2046|16980|0|N|||||||||||||||||||N
100014147474|07/01/2017||3.5|353066.83|8|352|351|11/2046|16980|0|N|||||||||||||||||||N
100014147474|08/01/2017||3.5|353066.83|9|351|351|11/2046|16980|0|N|||||||||||||||||||N
100014147474|09/01/2017||3.5|352488.13|10|350|350|11/2046|16980|0|N|||||||||||||||||||N
100014147474|10/01/2017||3.5|351907.74|11|349|349|11/2046|16980|0|N|||||||||||||||||||N
100014147474|11/01/2017||3.5|351303.97|12|348|348|11/2046|16980|0|N|||||||||||||||||||N
100014147474|12/01/2017||3.5|350720.13|13|347|347|11/2046|16980|0|N|||||||||||||||||||N
100014147474|01/01/2018||3.5|350134.58|14|346|346|11/2046|16980|0|N|||||||||||||||||||N
100014147474|02/01/2018||3.5|349547.33|15|345|345|11/2046|16980|0|N|||||||||||||||||||N
100014147474|03/01/2018||3.5|348958.36|16|344|344|11/2046|16980|0|N|||||||||||||||||||N
100014147474|04/01/2018||3.5|348367.68|17|343|343|11/2046|16980|0|N|||||||||||||||||||N
100014147474|05/01/2018||3.5|347181.13|18|342|341|11/2046|16980|0|N|||||||||||||||||||N
100014147474|06/01/2018||3.5|347181.13|19|341|341|11/2046|16980|0|N|||||||||||||||||||N
100014147474|07/01/2018||3.5|346585.26|20|340|340|11/2046|16980|0|N|||||||||||||||||||N
100014147474|08/01/2018||3.5|345987.65|21|339|339|11/2046|16980|0|N|||||||||||||||||||N
100014147474|09/01/2018||3.5|345388.3|22|338|338|11/2046|16980|0|N|||||||||||||||||||N
100014147474|10/01/2018||3.5|344184.35|23|337|336|11/2046|16980|0|N|||||||||||||||||||N
100014147474|11/01/2018||3.5|343579.74|24|336|335|11/2046|16980|0|N|||||||||||||||||||N
100014147474|12/01/2018||3.5|342973.37|25|335|334|11/2046|16980|0|N|||||||||||||||||||N
100014147474|01/01/2019||3.5|342973.37|26|334|334|11/2046|16980|0|N|||||||||||||||||||N
100014147474|02/01/2019||3.5|342365.23|27|333|333|11/2046|16980|0|N|||||||||||||||||||N
100014147474|03/01/2019|OTHER|3.5|341755.32|28|332|332|11/2046|16980|0|N|||||||||||||||||||Y
100014147474|04/01/2019||3.5|341143.63|29|331|331|11/2046|16980|0|N|||||||||||||||||||N
100014147474|05/01/2019||3.5|340530.15|30|330|330|11/2046|16980|0|N|||||||||||||||||||N
100014147474|06/01/2019||3.5|339914.88|31|329|329|11/2046|16980|0|N|||||||||||||||||||N
100014147474|07/01/2019||3.5|339297.82|32|328|328|11/2046|16980|0|N|||||||||||||||||||N
100014147474|08/01/2019||3.5|338678.96|33|327|327|11/2046|16980|0|N|||||||||||||||||||N
100014147474|09/01/2019||3.5|338058.29|34|326|326|11/2046|16980|0|N|||||||||||||||||||N
100017344742|10/01/2016|SUNTRUST MORTGAGE INC.|3.1||0|180|180|10/2031|00000|0|N|||||||||||||||||||N
100017344742|11/01/2016||3.1||1|179|179|10/2031|00000|0|N|||||||||||||||||||N
100017344742|12/01/2016||3.1||2|178|178|10/2031|00000|0|N|||||||||||||||||||N
100017344742|01/01/2017||3.1||3|177|177|10/2031|00000|0|N|||||||||||||||||||N
100017344742|02/01/2017||3.1||4|176|176|10/2031|00000|0|N|||||||||||||||||||N
100017344742|03/01/2017||3.1||5|175|175|10/2031|00000|0|N|||||||||||||||||||N
100017344742|04/01/2017||3.1|245932.9|6|174|174|10/2031|00000|0|N|||||||||||||||||||N
100017344742|05/01/2017||3.1|244811.65|7|173|173|10/2031|00000|0|N|||||||||||||||||||N
100017344742|06/01/2017||3.1|243687.5|8|172|172|10/2031|00000|0|N|||||||||||||||||||N
100017344742|07/01/2017||3.1|242560.45|9|171|171|10/2031|00000|0|N|||||||||||||||||||N
100017344742|08/01/2017||3.1|241430.48|10|170|170|10/2031|00000|0|N|||||||||||||||||||N
100017344742|09/01/2017||3.1|240297.6|11|169|169|10/2031|00000|0|N|||||||||||||||||||N
100017344742|10/01/2017||3.1|239161.79|12|168|168|10/2031|00000|0|N|||||||||||||||||||N
100017344742|11/01/2017||3.1|238023.04|13|167|167|10/2031|00000|0|N|||||||||||||||||||N
100017344742|12/01/2017||3.1|236881.35|14|166|166|10/2031|00000|0|N|||||||||||||||||||N
100017344742|01/01/2018||3.1|235736.71|15|165|165|10/2031|00000|0|N|||||||||||||||||||N
100017344742|02/01/2018||3.1|234589.12|16|164|164|10/2031|00000|0|N|||||||||||||||||||N
100017344742|03/01/2018||3.1|233438.56|17|163|163|10/2031|00000|0|N|||||||||||||||||||N
100017344742|04/01/2018|SUNTRUST BANK|3.1|232285.03|18|162|162|10/2031|00000|0|N|||||||||||||||||||N
100017344742|05/01/2018||3.1|231128.52|19|161|161|10/2031|00000|0|N|||||||||||||||||||N
100017344742|06/01/2018||3.1|229969.02|20|160|160|10/2031|00000|0|N|||||||||||||||||||N
100017344742|07/01/2018||3.1|228806.53|21|159|159|10/2031|00000|0|N|||||||||||||||||||N
100017344742|08/01/2018||3.1|227641.03|22|158|158|10/2031|00000|0|N|||||||||||||||||||N
100017344742|09/01/2018||3.1|226472.52|23|157|157|10/2031|00000|0|N|||||||||||||||||||N
100017344742|10/01/2018||3.1|225300.99|24|156|156|10/2031|00000|0|N|||||||||||||||||||N
100017344742|11/01/2018||3.1|224126.44|25|155|155|10/2031|00000|0|N|||||||||||||||||||N
100017344742|12/01/2018||3.1|222948.85|26|154|154|10/2031|00000|0|N|||||||||||||||||||N
100017344742|01/01/2019||3.1|220584.54|27|153|152|10/2031|00000|0|N|||||||||||||||||||N
100017344742|02/01/2019||3.1|220584.54|28|152|152|10/2031|00000|0|N|||||||||||||||||||N
100017344742|03/01/2019||3.1|219397.8|29|151|151|10/2031|00000|0|N|||||||||||||||||||N
100017344742|04/01/2019||3.1|218208|30|150|150|10/2031|00000|0|N|||||||||||||||||||N
100017344742|05/01/2019||3.1|217015.12|31|149|149|10/2031|00000|0|N|||||||||||||||||||N
100017344742|06/01/2019||3.1|215819.16|32|148|148|10/2031|00000|0|N|||||||||||||||||||N
100017344742|07/01/2019||3.1|214620.11|33|147|147|10/2031|00000|0|N|||||||||||||||||||N
100017344742|08/01/2019||3.1|213417.97|34|146|146|10/2031|00000|0|N|||||||||||||||||||N
100017344742|09/01/2019||3.1|212212.72|35|145|145|10/2031|00000|0|N|||||||||||||||||||N
100017397457|12/01/2016|SENECA MORTGAGE SERVICING LLC|3.75||0|360|360|12/2046|40060|0|N|||||||||||||||||||N
100017397457|01/01/2017||3.75||1|359|359|12/2046|40060|0|N|||||||||||||||||||N
100017397457|02/01/2017||3.75||2|358|358|12/2046|40060|0|N|||||||||||||||||||N
100017397457|03/01/2017||3.75||3|357|356|12/2046|40060|0|N|||||||||||||||||||N
100017397457|04/01/2017||3.75||4|356|356|12/2046|40060|0|N|||||||||||||||||||N
100017397457|05/01/2017||3.75||5|355|355|12/2046|40060|0|N|||||||||||||||||||N
100017397457|06/01/2017||3.75|263391.28|6|354|354|12/2046|40060|0|N|||||||||||||||||||N
100017397457|07/01/2017||3.75|262504.11|7|353|352|12/2046|40060|0|N|||||||||||||||||||N
100017397457|08/01/2017||3.75|262504.11|8|352|352|12/2046|40060|0|N|||||||||||||||||||N
100017397457|09/01/2017||3.75|262058.45|9|351|351|12/2046|40060|0|N|||||||||||||||||||N
100017397457|10/01/2017|OTHER|3.75|261628.77|10|350|350|12/2046|40060|0|N|||||||||||||||||||N
100017397457|11/01/2017||3.75|261197.75|11|349|349|12/2046|40060|0|N|||||||||||||||||||N
100017397457|12/01/2017|WELLS FARGO BANK, N.A.|3.75|260765.38|12|348|348|12/2046|40060|0|N|||||||||||||||||||Y
100017397457|01/01/2018||3.75|260331.66|13|347|347|12/2046|40060|0|N|||||||||||||||||||N
100017397457|02/01/2018||3.75|259896.59|14|346|346|12/2046|40060|0|N|||||||||||||||||||N
100017397457|03/01/2018||3.75|259460.16|15|345|345|12/2046|40060|0|N|||||||||||||||||||N
100017397457|04/01/2018||3.75|259022.36|16|344|344|12/2046|40060|0|N|||||||||||||||||||N
100017397457|05/01/2018||3.75|258583.19|17|343|342|12/2046|40060|0|N|||||||||||||||||||N
100017397457|06/01/2018||3.75|258142.65|18|342|341|12/2046|40060|0|N|||||||||||||||||||N
100017397457|07/01/2018||3.75|257700.74|19|341|340|12/2046|40060|0|N|||||||||||||||||||N
100017397457|08/01/2018||3.75|256783.98|20|340|338|12/2046|40060|0|N|||||||||||||||||||N
100017397457|09/01/2018||3.75|256783.98|21|339|338|12/2046|40060|0|N|||||||||||||||||||N
100017397457|10/01/2018||3.75|256309.04|22|338|337|12/2046|40060|0|N|||||||||||||||||||N
100017397457|11/01/2018||3.75|255354.71|23|337|335|12/2046|40060|0|N|||||||||||||||||||N
100017397457|12/01/2018||3.75|254875.3|24|336|334|12/2046|40060|0|N|||||||||||||||||||N
100017397457|01/01/2019||3.75|254875.3|25|335|334|12/2046|40060|0|N|||||||||||||||||||N
100017397457|02/01/2019||3.75|254394.4|26|334|333|12/2046|40060|0|N|||||||||||||||||||N
100017397457|03/01/2019||3.75|253428.07|27|333|331|12/2046|40060|0|N|||||||||||||||||||N
100017397457|04/01/2019||3.75|253428.07|28|332|331|12/2046|40060|0|N|||||||||||||||||||N
100017397457|05/01/2019||3.75|252942.64|29|331|329|12/2046|40060|0|N|||||||||||||||||||N
100017397457|06/01/2019||3.75|252455.7|30|330|328|12/2046|40060|0|N|||||||||||||||||||N
100017397457|07/01/2019||3.75|251967.23|31|329|327|12/2046|40060|0|N|||||||||||||||||||N
100017397457|08/01/2019||3.75|251477.24|32|328|326|12/2046|40060|0|N|||||||||||||||||||N
100017397457|09/01/2019||3.75|250976.79|33|327|325|12/2046|40060|0|N|||||||||||||||||||N
100018226874|11/01/2016|OTHER|4.75||0|360|359|11/2046|19100|0|N|||||||||||||||||||N
100018226874|12/01/2016||4.75||1|359|356|11/2046|19100|0|N|||||||||||||||||||N
100018226874|01/01/2017||4.75||2|358|356|11/2046|19100|0|N|||||||||||||||||||N
100018226874|02/01/2017||4.75||3|357|355|11/2046|19100|0|N|||||||||||||||||||N
100018226874|03/01/2017||4.75||4|356|353|11/2046|19100|0|N|||||||||||||||||||N
100018226874|04/01/2017||4.75||5|355|353|11/2046|19100|0|N|||||||||||||||||||N
100018226874|05/01/2017||4.75|175729.14|6|354|352|11/2046|19100|0|N|||||||||||||||||||N
100018226874|06/01/2017||4.75|175264.95|7|353|350|11/2046|19100|0|N|||||||||||||||||||N
100018226874|07/01/2017||4.75|175264.29|8|352|350|11/2046|19100|0|N|||||||||||||||||||N
100018226874|08/01/2017||4.75|174796.41|9|351|348|11/2046|19100|0|N|||||||||||||||||||N
100018226874|09/01/2017||4.75|174796.41|10|350|348|11/2046|19100|0|N|||||||||||||||||||N
100018226874|10/01/2017||4.75|174561.08|11|349|347|11/2046|19100|0|N|||||||||||||||||||N
100018226874|11/01/2017||4.75|174087.63|12|348|345|11/2046|19100|0|N|||||||||||||||||||N
100018226874|12/01/2017||4.75|174087.63|13|347|345|11/2046|19100|0|N|||||||||||||||||||N
100018226874|01/01/2018||4.75|173584.58|14|346|342|11/2046|19100|0|N|||||||||||||||||||N
100018226874|02/01/2018||4.75|173584.58|15|345|342|11/2046|19100|0|N|||||||||||||||||||N
100018226874|03/01/2018||4.75|173103.39|16|344|340|11/2046|19100|0|N|||||||||||||||||||N
100018226874|04/01/2018||4.75|173103.39|17|343|340|11/2046|19100|0|N|||||||||||||||||||N
100018226874|05/01/2018||4.75|172618.37|18|342|338|11/2046|19100|0|N|||||||||||||||||||N
100018226874|06/01/2018||4.75|172618.37|19|341|338|11/2046|19100|0|N|||||||||||||||||||N
100018226874|07/01/2018||4.75|172374.42|20|340|337|11/2046|19100|0|N|||||||||||||||||||N
100018226874|08/01/2018||4.75|171883.63|21|339|335|11/2046|19100|0|N|||||||||||||||||||N
100018226874|09/01/2018||4.75|171883.63|22|338|335|11/2046|19100|0|N|||||||||||||||||||N
100018226874|10/01/2018||4.75|171636.77|23|337|334|11/2046|19100|0|N|||||||||||||||||||N
100018226874|11/01/2018||4.75|171140.12|24|336|332|11/2046|19100|0|N|||||||||||||||||||N
100018226874|12/01/2018||4.75|170890.32|25|335|331|11/2046|19100|0|N|||||||||||||||||||N
100018226874|01/01/2019||4.75|170890.32|26|334|331|11/2046|19100|0|N|||||||||||||||||||N
100018226874|02/01/2019||4.75|170639.53|27|333|330|11/2046|19100|0|N|||||||||||||||||||N
100018226874|03/01/2019||4.75|170387.75|28|332|329|11/2046|19100|0|N|||||||||||||||||||N
100018226874|04/01/2019||4.75|170134.97|29|331|328|11/2046|19100|0|N|||||||||||||||||||N
100018226874|05/01/2019||4.75|169626.41|30|330|326|11/2046|19100|0|N|||||||||||||||||||N
100018226874|06/01/2019||4.75|169626.41|31|329|326|11/2046|19100|0|N|||||||||||||||||||N
100018226874|07/01/2019||4.75|169370.62|32|328|325|11/2046|19100|0|N|||||||||||||||||||N
100018226874|08/01/2019||4.75|168856|33|327|323|11/2046|19100|0|N|||||||||||||||||||N
100018226874|09/01/2019||4.75|168856|34|326|323|11/2046|19100|0|N|||||||||||||||||||N
100018698425|12/01/2016|WELLS FARGO BANK, N.A.|3.25||0|240|240|12/2036|47900|0|N|||||||||||||||||||N
100018698425|01/01/2017||3.25||1|239|238|12/2036|47900|0|N|||||||||||||||||||N
100018698425|02/01/2017||3.25||2|238|238|12/2036|47900|0|N|||||||||||||||||||N
100018698425|03/01/2017||3.25||3|237|237|12/2036|47900|0|N|||||||||||||||||||N
100018698425|04/01/2017||3.25||4|236|236|12/2036|47900|0|N|||||||||||||||||||N
100018698425|05/01/2017||3.25||5|235|235|12/2036|47900|0|N|||||||||||||||||||N
100018698425|06/01/2017||3.25|298959.29|6|234|232|12/2036|47900|0|N|||||||||||||||||||N
100018698425|07/01/2017||3.25|298959.29|7|233|232|12/2036|47900|0|N|||||||||||||||||||N
100018698425|08/01/2017||3.25|297856.02|8|232|231|12/2036|47900|0|N|||||||||||||||||||N
100018698425|09/01/2017||3.25|296749.76|9|231|230|12/2036|47900|0|N|||||||||||||||||||N
100018698425|10/01/2017||3.25|295640.51|10|230|229|12/2036|47900|0|N|||||||||||||||||||N
100018698425|11/01/2017||3.25|294528.25|11|229|228|12/2036|47900|0|N|||||||||||||||||||N
100018698425|12/01/2017||3.25|293512.98|12|228|227|12/2036|47900|0|N|||||||||||||||||||N
100018698425|01/01/2018||3.25|292303.63|13|227|225|12/2036|47900|0|N|||||||||||||||||||N
100018698425|02/01/2018||3.25|291091.01|14|226|224|12/2036|47900|0|N|||||||||||||||||||N
100018698425|03/01/2018||3.25|289875.1|15|225|223|12/2036|47900|0|N|||||||||||||||||||N
100018698425|04/01/2018||3.25|288655.9|16|224|221|12/2036|47900|0|N|||||||||||||||||||N
100018698425|05/01/2018||3.25|287436.31|17|223|220|12/2036|47900|0|N|||||||||||||||||||N
100018698425|06/01/2018||3.25|286213.41|18|222|219|12/2036|47900|0|N|||||||||||||||||||N
100018698425|07/01/2018||3.25|284987.2|19|221|218|12/2036|47900|0|N|||||||||||||||||||N
100018698425|08/01/2018||3.25|283757.67|20|220|216|12/2036|47900|0|N|||||||||||||||||||N
100018698425|09/01/2018||3.25|282424.81|21|219|215|12/2036|47900|0|N|||||||||||||||||||N
100018698425|10/01/2018||3.25|281088.34|22|218|214|12/2036|47900|0|N|||||||||||||||||||N
100018698425|11/01/2018||3.25|279748.25|23|217|212|12/2036|47900|0|N|||||||||||||||||||N
100018698425|12/01/2018||3.25|278404.53|24|216|211|12/2036|47900|0|N|||||||||||||||||||N
100018698425|01/01/2019||3.25|277057.17|25|215|209|12/2036|47900|0|N|||||||||||||||||||N
100018698425|02/01/2019||3.25|275706.16|26|214|208|12/2036|47900|0|N|||||||||||||||||||N
100018698425|03/01/2019||3.25|274351.49|27|213|207|12/2036|47900|0|N|||||||||||||||||||N
100018698425|04/01/2019||3.25|272893.16|28|212|205|12/2036|47900|0|N|||||||||||||||||||N
100018698425|05/01/2019||3.25|271428.72|29|211|204|12/2036|47900|0|N|||||||||||||||||||N
100018698425|06/01/2019||3.25|269960.31|30|210|202|12/2036|47900|0|N|||||||||||||||||||N
100018698425|07/01/2019||3.25|268953.56|31|209|201|12/2036|47900|0|N|||||||||||||||||||N
100018698425|08/01/2019||3.25|267944.09|32|208|200|12/2036|47900|0|N|||||||||||||||||||N
100018698425|09/01/2019||3.25|266566.24|33|207|199|12/2036|47900|0|N|||||||||||||||||||N
100019694070|12/01/2016|OTHER|3.625||0|360|360|12/2046|31080|0|N|||||||||||||||||||N
100019694070|01/01/2017||3.625||1|359|357|12/2046|31080|0|N|||||||||||||||||||N
100019694070|02/01/2017||3.625||2|358|355|12/2046|31080|0|N|||||||||||||||||||N
100019694070|03/01/2017||3.625||3|357|355|12/2046|31080|0|N|||||||||||||||||||N
100019694070|04/01/2017||3.625||4|356|352|12/2046|31080|0|N|||||||||||||||||||N
100019694070|05/01/2017||3.625||5|355|350|12/2046|31080|0|N|||||||||||||||||||N
100019694070|06/01/2017||3.625|371805.61|6|354|350|12/2046|31080|0|N|||||||||||||||||||N
100019694070|07/01/2017||3.625|369682.57|7|353|346|12/2046|31080|0|N|||||||||||||||||||N
100019694070|08/01/2017||3.625|369075.44|8|352|345|12/2046|31080|0|N|||||||||||||||||||N
100019694070|09/01/2017||3.625|368466.48|9|351|344|12/2046|31080|0|N|||||||||||||||||||N
100019694070|10/01/2017||3.625|367796.48|10|350|343|12/2046|31080|0|N|||||||||||||||||||N
100019694070|11/01/2017||3.625|367796.48|11|349|343|12/2046|31080|0|N|||||||||||||||||||N
100019694070|12/01/2017||3.625|367174.45|12|348|342|12/2046|31080|0|N|||||||||||||||||||N
100019694070|01/01/2018||3.625|365524.6|13|347|340|12/2046|31080|0|N|||||||||||||||||||N
100019694070|02/01/2018||3.625|365524.6|14|346|340|12/2046|31080|0|N|||||||||||||||||||N
100019694070|03/01/2018||3.625|363567.51|15|345|337|12/2046|31080|0|N|||||||||||||||||||N
100019694070|04/01/2018||3.625|362586.36|16|344|335|12/2046|31080|0|N|||||||||||||||||||N
100019694070|05/01/2018||3.625|361702.24|17|343|334|12/2046|31080|0|N|||||||||||||||||||N
100019694070|06/01/2018||3.625|361702.24|18|342|334|12/2046|31080|0|N|||||||||||||||||||N
100019694070|07/01/2018||3.625|359926.29|19|341|331|12/2046|31080|0|N|||||||||||||||||||N
100019694070|08/01/2018||3.625|358934.14|20|340|329|12/2046|31080|0|N|||||||||||||||||||N
100019694070|09/01/2018||3.625|358238.99|21|339|328|12/2046|31080|0|N|||||||||||||||||||N
100019694070|10/01/2018||3.625|357241.74|22|338|327|12/2046|31080|0|N|||||||||||||||||||N
100019694070|11/01/2018||3.625|357241.74|23|337|327|12/2046|31080|0|N|||||||||||||||||||N
100019694070|12/01/2018||3.625|355738.8|24|336|324|12/2046|31080|0|N|||||||||||||||||||N
100019694070|01/01/2019||3.625|354934|25|335|323|12/2046|31080|0|N|||||||||||||||||||N
100019694070|02/01/2019||3.625|354126.77|26|334|322|12/2046|31080|0|N|||||||||||||||||||N
100019694070|03/01/2019||3.625|354126.77|27|333|322|12/2046|31080|0|N|||||||||||||||||||N
100019694070|04/01/2019||3.625|352439.54|28|332|319|12/2046|31080|0|N|||||||||||||||||||N
100019694070|05/01/2019||3.625|352439.54|29|331|319|12/2046|31080|0|N|||||||||||||||||||N
100019694070|06/01/2019||3.625|350841.79|30|330|317|12/2046|31080|0|N|||||||||||||||||||N
100019694070|07/01/2019||3.625|350841.79|31|329|317|12/2046|31080|0|N|||||||||||||||||||N
100019694070|08/01/2019||3.625|349134.37|32|328|314|12/2046|31080|0|N|||||||||||||||||||N
100019694070|09/01/2019||3.625|348326.72|33|327|313|12/2046|31080|0|N|||||||||||||||||||N
100020004749|12/01/2016|DITECH FINANCIAL LLC|3.375||0|360|360|12/2046|38060|0|N|||||||||||||||||||N
100020004749|01/01/2017||3.375||1|359|359|12/2046|38060|0|N|||||||||||||||||||N
100020004749|02/01/2017||3.375||2|358|358|12/2046|38060|0|N|||||||||||||||||||N
100020004749|03/01/2017||3.375||3|357|357|12/2046|38060|0|N|||||||||||||||||||N
100020004749|04/01/2017|NEW RESIDENTIAL MORTGAGE LLC|3.375||4|356|356|12/2046|38060|0|N|||||||||||||||||||Y
100020004749|05/01/2017||3.375||5|355|355|12/2046|38060|0|N|||||||||||||||||||N
100020004749|06/01/2017||3.375|374821.42|6|354|354|12/2046|38060|0|N|||||||||||||||||||N
100020004749|07/01/2017||3.375|374202.28|7|353|353|12/2046|38060|0|N|||||||||||||||||||N
100020004749|08/01/2017||3.375|373581.39|8|352|352|12/2046|38060|0|N|||||||||||||||||||N
100020004749|09/01/2017||3.375|372958.76|9|351|351|12/2046|38060|0|N|||||||||||||||||||N
100020004749|10/01/2017||3.375|372334.38|10|350|350|12/2046|38060|0|N|||||||||||||||||||N
100020004749|11/01/2017||3.375|371708.24|11|349|349|12/2046|38060|0|N|||||||||||||||||||N
100020004749|12/01/2017||3.375|371080.34|12|348|348|12/2046|38060|0|N|||||||||||||||||||N
100020004749|01/01/2018||3.375|370450.67|13|347|347|12/2046|38060|0|N|||||||||||||||||||N
100020004749|02/01/2018||3.375|369819.23|14|346|346|12/2046|38060|0|N|||||||||||||||||||N
100020004749|03/01/2018||3.375|369186.02|15|345|345|12/2046|38060|0|N|||||||||||||||||||N
100020004749|04/01/2018||3.375|368551.03|16|344|344|12/2046|38060|0|N|||||||||||||||||||N
100020004749|05/01/2018||3.375|367914.25|17|343|343|12/2046|38060|0|N|||||||||||||||||||N
100020004749|06/01/2018||3.375|367275.68|18|342|342|12/2046|38060|0|N|||||||||||||||||||N
100020004749|07/01/2018||3.375|366635.31|19|341|341|12/2046|38060|0|N|||||||||||||||||||N
100020004749|08/01/2018||3.375|365993.14|20|340|340|12/2046|38060|0|N|||||||||||||||||||N
100020004749|09/01/2018||3.375|365349.17|21|339|339|12/2046|38060|0|N|||||||||||||||||||N
100020004749|10/01/2018||3.375|364703.38|22|338|338|12/2046|38060|0|N|||||||||||||||||||N
100020004749|11/01/2018||3.375|364055.78|23|337|337|12/2046|38060|0|N|||||||||||||||||||N
100020004749|12/01/2018||3.375|363406.36|24|336|336|12/2046|38060|0|N|||||||||||||||||||N
100020004749|01/01/2019||3.375|362755.11|25|335|335|12/2046|38060|0|N|||||||||||||||||||N
100020004749|02/01/2019||3.375|362102.03|26|334|334|12/2046|38060|0|N|||||||||||||||||||N
100020004749|03/01/2019||3.375|361447.11|27|333|333|12/2046|38060|0|N|||||||||||||||||||N
100020004749|04/01/2019||3.375|360790.35|28|332|332|12/2046|38060|0|N|||||||||||||||||||N
100020004749|05/01/2019||3.375|360131.74|29|331|331|12/2046|38060|0|N|||||||||||||||||||N
100020004749|06/01/2019||3.375|359471.28|30|330|330|12/2046|38060|0|N|||||||||||||||||||N
100020004749|07/01/2019||3.375|358808.96|31|329|329|12/2046|38060|0|N|||||||||||||||||||Y
100020004749|08/01/2019||3.375|358144.78|32|328|328|12/2046|38060|0|N|||||||||||||||||||N
100020004749|09/01/2019||3.375|357478.73|33|327|327|12/2046|38060|0|N|||||||||||||||||||N
100020312338|10/01/2016|OTHER|3||-1|181|180|11/2031|23060|0|N|||||||||||||||||||N
100020312338|11/01/2016||3||0|180|179|11/2031|23060|0|N|||||||||||||||||||N
100020312338|12/01/2016||3||1|179|179|11/2031|23060|0|N|||||||||||||||||||N
100020312338|01/01/2017||3||2|178|177|11/2031|23060|0|N|||||||||||||||||||N
100020312338|02/01/2017||3||3|177|176|11/2031|23060|0|N|||||||||||||||||||N
100020312338|03/01/2017||3||4|176|175|11/2031|23060|0|N|||||||||||||||||||N
100020312338|04/01/2017||3|127121.84|5|175|175|11/2031|23060|0|N|||||||||||||||||||N
100020312338|05/01/2017||3|126541.88|6|174|174|11/2031|23060|0|N|||||||||||||||||||N
100020312338|06/01/2017||3|125960.47|7|173|173|11/2031|23060|0|N|||||||||||||||||||N
100020312338|07/01/2017||3|125377.61|8|172|172|11/2031|23060|0|N|||||||||||||||||||N
100020312338|08/01/2017||3|124793.29|9|171|171|11/2031|23060|0|N|||||||||||||||||||N
100020312338|09/01/2017||3|124207.51|10|170|170|11/2031|23060|0|N|||||||||||||||||||N
100020312338|10/01/2017||3|123620.27|11|169|169|11/2031|23060|0|N|||||||||||||||||||N
100020312338|11/01/2017||3|123031.56|12|168|168|11/2031|23060|0|N|||||||||||||||||||N
100020312338|12/01/2017||3|122441.38|13|167|167|11/2031|23060|0|N|||||||||||||||||||N
100020312338|01/01/2018||3|121849.72|14|166|166|11/2031|23060|0|N|||||||||||||||||||N
100020312338|02/01/2018||3|121256.58|15|165|165|11/2031|23060|0|N|||||||||||||||||||N
100020312338|03/01/2018||3|120661.96|16|164|164|11/2031|23060|0|N|||||||||||||||||||N
100020312338|04/01/2018||3|119468.25|17|163|162|11/2031|23060|0|N|||||||||||||||||||N
100020312338|05/01/2018|ROUNDPOINT MORTGAGE SERVICING CORPORATION|3|119468.25|18|162|162|11/2031|23060|0|N|||||||||||||||||||Y
100020312338|06/01/2018||3|118869.16|19|161|161|11/2031|23060|0|N|||||||||||||||||||N
100020312338|07/01/2018||3|118268.57|20|160|160|11/2031|23060|0|N|||||||||||||||||||N
100020312338|08/01/2018||3|117062.89|21|159|158|11/2031|23060|0|N|||||||||||||||||||N
100020312338|09/01/2018||3|117062.89|22|158|158|11/2031|23060|0|N|||||||||||||||||||N
100020312338|10/01/2018||3|115851.17|23|157|156|11/2031|23060|0|N|||||||||||||||||||N
100020312338|11/01/2018||3|115851.17|24|156|156|11/2031|23060|0|N|||||||||||||||||||N
100020312338|12/01/2018||3|115243.04|25|155|155|11/2031|23060|0|N|||||||||||||||||||N
100020312338|01/01/2019||3|114633.39|26|154|154|11/2031|23060|0|N|||||||||||||||||||N
100020312338|02/01/2019||3|114022.21|27|153|153|11/2031|23060|0|N|||||||||||||||||||N
100020312338|03/01/2019||3|113409.51|28|152|152|11/2031|23060|0|N|||||||||||||||||||N
100020312338|04/01/2019||3|112795.27|29|151|151|11/2031|23060|0|N|||||||||||||||||||N
100020312338|05/01/2019||3|112179.5|30|150|150|11/2031|23060|0|N|||||||||||||||||||N
100020312338|06/01/2019||3|111362.19|31|149|149|11/2031|23060|0|N|||||||||||||||||||N
100020312338|07/01/2019||3|110642.84|32|148|148|11/2031|23060|0|N|||||||||||||||||||N
100020312338|08/01/2019||3|109821.69|33|147|147|11/2031|23060|0|N|||||||||||||||||||N
100020312338|09/01/2019||3|108998.48|34|146|145|11/2031|23060|0|N|||||||||||||||||||N
100020996803|12/01/2016|OTHER|4.875||0|360|359|12/2046|21660|0|N|||||||||||||||||||N
100020996803|01/01/2017||4.875||1|359|359|12/2046|21660|0|N|||||||||||||||||||N
100020996803|02/01/2017||4.875||2|358|358|12/2046|21660|0|N|||||||||||||||||||N
100020996803|03/01/2017||4.875||3|357|357|12/2046|21660|0|N|||||||||||||||||||N
100020996803|04/01/2017||4.875||4|356|356|12/2046|21660|0|N|||||||||||||||||||N
100020996803|05/01/2017||4.875||5|355|355|12/2046|21660|0|N|||||||||||||||||||N
100020996803|06/01/2017||4.875|126822.7|6|354|354|12/2046|21660|0|N|||||||||||||||||||N
100020996803|07/01/2017||4.875|126661.72|7|353|353|12/2046|21660|0|N|||||||||||||||||||N
100020996803|08/01/2017||4.875|126500.08|8|352|352|12/2046|21660|0|N|||||||||||||||||||N
100020996803|09/01/2017||4.875|126337.79|9|351|351|12/2046|21660|0|N|||||||||||||||||||N
100020996803|10/01/2017||4.875|126174.84|10|350|350|12/2046|21660|0|N|||||||||||||||||||N
100020996803|11/01/2017||4.875|126011.23|11|349|349|12/2046|21660|0|N|||||||||||||||||||N
100020996803|12/01/2017||4.875|125846.95|12|348|348|12/2046|21660|0|N|||||||||||||||||||N
100020996803|01/01/2018||4.875|125682|13|347|347|12/2046|21660|0|N|||||||||||||||||||N
100020996803|02/01/2018||4.875|125516.38|14|346|346|12/2046|21660|0|N|||||||||||||||||||N
100020996803|03/01/2018||4.875|125350.09|15|345|345|12/2046|21660|0|N|||||||||||||||||||N
100020996803|04/01/2018||4.875|125183.12|16|344|344|12/2046|21660|0|N|||||||||||||||||||N
100020996803|05/01/2018||4.875|125183.12|17|343|0|12/2046|21660|X|N|01|05/2018|||||||||||||||N||
100025275638|12/01/2016|WELLS FARGO BANK, N.A.|4.75||1|359|359|11/2046|31540|0|N|||||||||||||||||||N
100025275638|01/01/2017||4.75||2|358|358|11/2046|31540|0|N|||||||||||||||||||N
100025275638|02/01/2017||4.75||3|357|357|11/2046|31540|0|N|||||||||||||||||||N
100025275638|03/01/2017||4.75||4|356|356|11/2046|31540|0|N|||||||||||||||||||N
100025275638|04/01/2017||4.75||5|355|355|11/2046|31540|0|N|||||||||||||||||||N
100025275638|05/01/2017||4.75||6|354|354|11/2046|31540|0|N|||||||||||||||||||N
100025275638|06/01/2017||4.75|44598.89|7|353|353|11/2046|31540|0|N|||||||||||||||||||N
100025275638|07/01/2017||4.75|44540.68|8|352|352|11/2046|31540|0|N|||||||||||||||||||N
100025275638|08/01/2017||4.75|44482.24|9|351|351|11/2046|31540|0|N|||||||||||||||||||N
100025275638|09/01/2017||4.75|44423.57|10|350|350|11/2046|31540|0|N|||||||||||||||||||N
100025275638|10/01/2017||4.75|44364.66|11|349|349|11/2046|31540|0|N|||||||||||||||||||N
100025275638|11/01/2017||4.75|44305.52|12|348|348|11/2046|31540|0|N|||||||||||||||||||N
100025275638|12/01/2017||4.75|44246.15|13|347|347|11/2046|31540|0|N|||||||||||||||||||N
100025275638|01/01/2018||4.75|44186.54|14|346|346|11/2046|31540|0|N|||||||||||||||||||N
100025275638|02/01/2018||4.75|44126.7|15|345|345|11/2046|31540|0|N|||||||||||||||||||N
100025275638|03/01/2018||4.75|44066.62|16|344|344|11/2046|31540|0|N|||||||||||||||||||N
100025275638|04/01/2018||4.75|44006.3|17|343|343|11/2046|31540|0|N|||||||||||||||||||N
100025275638|05/01/2018||4.75|43945.74|18|342|342|11/2046|31540|0|N|||||||||||||||||||N
100025275638|06/01/2018||4.75|43884.94|19|341|341|11/2046|31540|0|N|||||||||||||||||||Y
100025275638|07/01/2018||4.75|43823.9|20|340|340|11/2046|31540|0|N|||||||||||||||||||N
100025275638|08/01/2018||4.75|43762.62|21|339|339|11/2046|31540|0|N|||||||||||||||||||N
100025275638|09/01/2018||4.75|43701.1|22|338|338|11/2046|31540|0|N|||||||||||||||||||N
100025275638|10/01/2018||4.75|43639.33|23|337|337|11/2046|31540|0|N|||||||||||||||||||N
100025275638|11/01/2018||4.75|43577.32|24|336|336|11/2046|31540|0|N|||||||||||||||||||N
100025275638|12/01/2018||4.75|43515.06|25|335|335|11/2046|31540|0|N|||||||||||||||||||N
100025275638|01/01/2019||4.75|43452.56|26|334|334|11/2046|31540|0|N|||||||||||||||||||N
100025275638|02/01/2019||4.75|43389.81|27|333|333|11/2046|31540|0|N|||||||||||||||||||N
100025275638|03/01/2019||4.75|43326.81|28|332|332|11/2046|31540|0|N|||||||||||||||||||N
100025275638|04/01/2019||4.75|43263.56|29|331|331|11/2046|31540|0|N|||||||||||||||||||N
100025275638|05/01/2019||4.75|43200.06|30|330|330|11/2046|31540|0|N|||||||||||||||||||N
100025275638|06/01/2019||4.75|43136.31|31|329|329|11/2046|31540|0|N|||||||||||||||||||N
100025275638|07/01/2019||4.75|43072.31|32|328|328|11/2046|31540|0|N|||||||||||||||||||N
100025275638|08/01/2019||4.75|43008.05|33|327|327|11/2046|31540|0|N|||||||||||||||||||N
100025275638|09/01/2019||4.75|42943.54|34|326|326|11/2046|31540|0|N|||||||||||||||||||N
100025347199|12/01/2016|OTHER|3.75||0|360|360|12/2046|31080|0|N|||||||||||||||||||N
100025347199|01/01/2017||3.75||1|359|359|12/2046|31080|0|N|||||||||||||||||||N
100025347199|02/01/2017||3.75||2|358|358|12/2046|31080|0|N|||||||||||||||||||N
100025347199|03/01/2017||3.75||3|357|357|12/2046|31080|0|N|||||||||||||||||||N
100025347199|04/01/2017||3.75||4|356|356|12/2046|31080|0|N|||||||||||||||||||N
100025347199|05/01/2017||3.75||5|355|355|12/2046|31080|0|N|||||||||||||||||||N
100025347199|06/01/2017||3.75|497427.87|6|354|354|12/2046|31080|0|N|||||||||||||||||||N
100025347199|07/01/2017||3.75|496657.49|7|353|353|12/2046|31080|0|N|||||||||||||||||||N
100025347199|08/01/2017||3.75|495884.7|8|352|352|12/2046|31080|0|N|||||||||||||||||||N
100025347199|09/01/2017||3.75|495109.5|9|351|351|12/2046|31080|0|N|||||||||||||||||||N
100025347199|10/01/2017||3.75|494331.88|10|350|350|12/2046|31080|0|N|||||||||||||||||||N
100025347199|11/01/2017||3.75|493551.83|11|349|349|12/2046|31080|0|N|||||||||||||||||||N
100025347199|12/01/2017||3.75|492769.34|12|348|348|12/2046|31080|0|N|||||||||||||||||||N
100025347199|01/01/2018||3.75|491984.4|13|347|347|12/2046|31080|0|N|||||||||||||||||||N
100025347199|02/01/2018||3.75|491197.01|14|346|346|12/2046|31080|0|N|||||||||||||||||||N
100025347199|03/01/2018||3.75|490407.16|15|345|345|12/2046|31080|0|N|||||||||||||||||||N
100025347199|04/01/2018||3.75|489614.84|16|344|344|12/2046|31080|0|N|||||||||||||||||||N
100025347199|05/01/2018||3.75|488820.05|17|343|343|12/2046|31080|0|N|||||||||||||||||||N
100025347199|06/01/2018||3.75|488022.77|18|342|342|12/2046|31080|0|N|||||||||||||||||||N
100025347199|07/01/2018||3.75|487223|19|341|341|12/2046|31080|0|N|||||||||||||||||||N
100025347199|08/01/2018||3.75|486420.73|20|340|340|12/2046|31080|0|N|||||||||||||||||||N
100025347199|09/01/2018||3.75|485615.95|21|339|339|12/2046|31080|0|N|||||||||||||||||||N
100025347199|10/01/2018||3.75|484808.66|22|338|338|12/2046|31080|0|N|||||||||||||||||||N
100025347199|11/01/2018||3.75|483998.85|23|337|337|12/2046|31080|0|N|||||||||||||||||||N
100025347199|12/01/2018||3.75|483186.51|24|336|336|12/2046|31080|0|N|||||||||||||||||||N
100025347199|01/01/2019||3.75|482371.63|25|335|335|12/2046|31080|0|N|||||||||||||||||||N
100025347199|02/01/2019||3.75|481554.2|26|334|334|12/2046|31080|0|N|||||||||||||||||||N
100025347199|03/01/2019||3.75|480734.22|27|333|333|12/2046|31080|0|N|||||||||||||||||||N
100025347199|04/01/2019||3.75|479911.67|28|332|332|12/2046|31080|0|N|||||||||||||||||||N
100025347199|05/01/2019||3.75|479086.55|29|331|331|12/2046|31080|0|N|||||||||||||||||||N
100025347199|06/01/2019||3.75|478258.86|30|330|330|12/2046|31080|0|N|||||||||||||||||||N
100025347199|07/01/2019||3.75|477428.58|31|329|329|12/2046|31080|0|N|||||||||||||||||||Y
100025347199|08/01/2019||3.75|476595.7|32|328|328|12/2046|31080|0|N|||||||||||||||||||N
100025347199|09/01/2019||3.75|475760.22|33|327|327|12/2046|31080|0|N|||||||||||||||||||N
100026164874|11/01/2016|JP MORGAN CHASE BANK, NA|3.375||-1|241|240|12/2036|16980|0|N|||||||||||||||||||N
100026164874|12/01/2016||3.375||0|240|240|12/2036|16980|0|N|||||||||||||||||||N
100026164874|01/01/2017||3.375||1|239|239|12/2036|16980|0|N|||||||||||||||||||N
100026164874|02/01/2017||3.375||2|238|238|12/2036|16980|0|N|||||||||||||||||||N
100026164874|03/01/2017||3.375||3|237|237|12/2036|16980|0|N|||||||||||||||||||N
100026164874|04/01/2017||3.375||4|236|236|12/2036|16980|0|N|||||||||||||||||||N
100026164874|05/01/2017||3.375|152464.07|5|235|235|12/2036|16980|0|N|||||||||||||||||||N
100026164874|06/01/2017||3.375|152003.86|6|234|234|12/2036|16980|0|N|||||||||||||||||||N
100026164874|07/01/2017||3.375|151542.35|7|233|233|12/2036|16980|0|N|||||||||||||||||||N
100026164874|08/01/2017||3.375|151079.54|8|232|232|12/2036|16980|0|N|||||||||||||||||||N
100026164874|09/01/2017||3.375|150615.43|9|231|231|12/2036|16980|0|N|||||||||||||||||||N
100026164874|10/01/2017||3.375|150150.02|10|230|230|12/2036|16980|0|N|||||||||||||||||||N
100026164874|11/01/2017||3.375|149683.3|11|229|229|12/2036|16980|0|N|||||||||||||||||||N
100026164874|12/01/2017||3.375|149215.26|12|228|228|12/2036|16980|0|N|||||||||||||||||||N
100026164874|01/01/2018||3.375|148745.91|13|227|227|12/2036|16980|0|N|||||||||||||||||||N
100026164874|02/01/2018||3.375|148275.24|14|226|226|12/2036|16980|0|N|||||||||||||||||||N
100026164874|03/01/2018||3.375|147803.24|15|225|225|12/2036|16980|0|N|||||||||||||||||||N
100026164874|04/01/2018||3.375|147329.92|16|224|224|12/2036|16980|0|N|||||||||||||||||||N
100026164874|05/01/2018||3.375|146855.27|17|223|223|12/2036|16980|0|N|||||||||||||||||||N
100026164874|06/01/2018||3.375|146379.28|18|222|222|12/2036|16980|0|N|||||||||||||||||||N
100026164874|07/01/2018||3.375|145901.95|19|221|221|12/2036|16980|0|N|||||||||||||||||||N
100026164874|08/01/2018||3.375|145423.28|20|220|220|12/2036|16980|0|N|||||||||||||||||||N
100026164874|09/01/2018||3.375|144943.26|21|219|219|12/2036|16980|0|N|||||||||||||||||||N
100026164874|10/01/2018||3.375|144461.89|22|218|218|12/2036|16980|0|N|||||||||||||||||||N
100026164874|11/01/2018||3.375|143979.17|23|217|217|12/2036|16980|0|N|||||||||||||||||||N
100026164874|12/01/2018||3.375|143495.09|24|216|216|12/2036|16980|0|N|||||||||||||||||||N
100026164874|01/01/2019||3.375|143009.65|25|215|215|12/2036|16980|0|N|||||||||||||||||||N
100026164874|02/01/2019||3.375|142522.84|26|214|214|12/2036|16980|0|N|||||||||||||||||||N
100026164874|03/01/2019||3.375|142034.67|27|213|213|12/2036|16980|0|N|||||||||||||||||||N
100026164874|04/01/2019||3.375|141545.12|28|212|212|12/2036|16980|0|N|||||||||||||||||||N
100026164874|05/01/2019||3.375|141054.2|29|211|211|12/2036|16980|0|N|||||||||||||||||||N
100026164874|06/01/2019||3.375|140561.89|30|210|210|12/2036|16980|0|N|||||||||||||||||||N
100026164874|07/01/2019||3.375|140068.2|31|209|209|12/2036|16980|0|N|||||||||||||||||||N
100026164874|08/01/2019||3.375|139573.12|32|208|208|12/2036|16980|0|N|||||||||||||||||||N
100026164874|09/01/2019||3.375|139076.65|33|207|207|12/2036|16980|0|N|||||||||||||||||||N
100026950133|11/01/2016|PINGORA LOAN SERVICING, LLC|3.75||0|360|359|11/2046|33100|0|N|||||||||||||||||||N
100026950133|12/01/2016||3.75||1|359|358|11/2046|33100|0|N|||||||||||||||||||N
100026950133|01/01/2017||3.75||2|358|357|11/2046|33100|0|N|||||||||||||||||||N
100026950133|02/01/2017||3.75||3|357|356|11/2046|33100|0|N|||||||||||||||||||N
100026950133|03/01/2017||3.75||4|356|355|11/2046|33100|0|N|||||||||||||||||||N
100026950133|04/01/2017||3.75||5|355|355|11/2046|33100|0|N|||||||||||||||||||N
100026950133|05/01/2017||3.75|189956.67|6|354|353|11/2046|33100|0|N|||||||||||||||||||N
100026950133|06/01/2017||3.75|189661.1|7|353|352|11/2046|33100|0|N|||||||||||||||||||N
100026950133|07/01/2017||3.75|189364.61|8|352|351|11/2046|33100|0|N|||||||||||||||||||N
100026950133|08/01/2017||3.75|189067.19|9|351|350|11/2046|33100|0|N|||||||||||||||||||N
100026950133|09/01/2017||3.75|188768.84|10|350|349|11/2046|33100|0|N|||||||||||||||||||N
100026950133|10/01/2017||3.75|188469.56|11|349|348|11/2046|33100|0|N|||||||||||||||||||N
100026950133|11/01/2017||3.75|188169.35|12|348|347|11/2046|33100|0|N|||||||||||||||||||N
100026950133|12/01/2017||3.75|187868.2|13|347|346|11/2046|33100|0|N|||||||||||||||||||N
100026950133|01/01/2018||3.75|187566.11|14|346|345|11/2046|33100|0|N|||||||||||||||||||N
100026950133|02/01/2018||3.75|187263.07|15|345|344|11/2046|33100|0|N|||||||||||||||||||N
100026950133|03/01/2018||3.75|187263.07|16|344|344|11/2046|33100|0|N|||||||||||||||||||N
100026950133|04/01/2018||3.75|186959.09|17|343|343|11/2046|33100|0|N|||||||||||||||||||N
100026950133|05/01/2018||3.75|186654.16|18|342|342|11/2046|33100|0|N|||||||||||||||||||N
100026950133|06/01/2018||3.75|186348.27|19|341|341|11/2046|33100|0|N|||||||||||||||||||N
100026950133|07/01/2018||3.75|186041.43|20|340|340|11/2046|33100|0|N|||||||||||||||||||N
100026950133|08/01/2018||3.75|185733.63|21|339|339|11/2046|33100|0|N|||||||||||||||||||N
100026950133|09/01/2018||3.75|185314.05|22|338|338|11/2046|33100|0|N|||||||||||||||||||N
100026950133|10/01/2018||3.75|184893.16|23|337|337|11/2046|33100|0|N|||||||||||||||||||N
100026950133|11/01/2018||3.75|184470.95|24|336|335|11/2046|33100|0|N|||||||||||||||||||N
100026950133|12/01/2018||3.75|184147.42|25|335|334|11/2046|33100|0|N|||||||||||||||||||N
100026950133|01/01/2019||3.75|183833.7|26|334|333|11/2046|33100|0|N|||||||||||||||||||N
100026950133|02/01/2019||3.75|183408.18|27|333|332|11/2046|33100|0|N|||||||||||||||||||N
100026950133|03/01/2019||3.75|183092.15|28|332|331|11/2046|33100|0|N|||||||||||||||||||N
100026950133|04/01/2019||3.75|182775.13|29|331|330|11/2046|33100|0|N|||||||||||||||||||N
100026950133|05/01/2019||3.75|182457.12|30|330|329|11/2046|33100|0|N|||||||||||||||||||N
100026950133|06/01/2019||3.75|182138.12|31|329|328|11/2046|33100|0|N|||||||||||||||||||N
100026950133|07/01/2019||3.75|181818.12|32|328|327|11/2046|33100|0|N|||||||||||||||||||N
100026950133|08/01/2019||3.75|181497.12|33|327|326|11/2046|33100|0|N|||||||||||||||||||N
100026950133|09/01/2019||3.75|181175.12|34|326|325|11/2046|33100|0|N|||||||||||||||||||N
100027235596|12/01/2016|OTHER|3.625||0|360|359|12/2046|29340|0|N|||||||||||||||||||N
100027235596|01/01/2017||3.625||1|359|358|12/2046|29340|0|N|||||||||||||||||||N
100027235596|02/01/2017||3.625||2|358|357|12/2046|29340|0|N|||||||||||||||||||N
100027235596|03/01/2017||3.625||3|357|356|12/2046|29340|0|N|||||||||||||||||||N
100027235596|04/01/2017||3.625||4|356|355|12/2046|29340|0|N|||||||||||||||||||N
100027235596|05/01/2017||3.625||5|355|355|12/2046|29340|0|N|||||||||||||||||||N
100027235596|06/01/2017||3.625|257579.91|6|354|354|12/2046|29340|0|N|||||||||||||||||||N
100027235596|07/01/2017||3.625|257172.29|7|353|353|12/2046|29340|0|N|||||||||||||||||||N
100027235596|08/01/2017||3.625|256763.43|8|352|352|12/2046|29340|0|N|||||||||||||||||||N
100027235596|09/01/2017||3.625|256353.34|9|351|351|12/2046|29340|0|N|||||||||||||||||||N
100027235596|10/01/2017||3.625|255942.01|10|350|350|12/2046|29340|0|N|||||||||||||||||||N
100027235596|11/01/2017||3.625|255529.44|11|349|349|12/2046|29340|0|N|||||||||||||||||||N
100027235596|12/01/2017||3.625|255115.62|12|348|348|12/2046|29340|0|N|||||||||||||||||||N
100027235596|01/01/2018||3.625|254662.49|13|347|347|12/2046|29340|0|N|||||||||||||||||||N
100027235596|02/01/2018||3.625|254207.99|14|346|346|12/2046|29340|0|N|||||||||||||||||||N
100027235596|03/01/2018||3.625|253752.12|15|345|345|12/2046|29340|0|N|||||||||||||||||||N
100027235596|04/01/2018||3.625|253294.87|16|344|344|12/2046|29340|0|N|||||||||||||||||||N
100027235596|05/01/2018||3.625|252836.24|17|343|343|12/2046|29340|0|N|||||||||||||||||||N
100027235596|06/01/2018||3.625|252376.23|18|342|342|12/2046|29340|0|N|||||||||||||||||||N
100027235596|07/01/2018||3.625|251914.83|19|341|341|12/2046|29340|0|N|||||||||||||||||||N
100027235596|08/01/2018||3.625|251452.03|20|340|340|12/2046|29340|0|N|||||||||||||||||||N
100027235596|09/01/2018||3.625|250987.83|21|339|339|12/2046|29340|0|N|||||||||||||||||||N
100027235596|10/01/2018||3.625|250522.23|22|338|338|12/2046|29340|0|N|||||||||||||||||||N
100027235596|11/01/2018||3.625|250055.23|23|337|337|12/2046|29340|0|N|||||||||||||||||||N
100027235596|12/01/2018||3.625|249586.82|24|336|335|12/2046|29340|0|N|||||||||||||||||||N
100027235596|01/01/2019||3.625|249155.05|25|335|334|12/2046|29340|0|N|||||||||||||||||||N
100027235596|02/01/2019||3.625|248721.98|26|334|333|12/2046|29340|0|N|||||||||||||||||||N
100027235596|03/01/2019||3.625|248287.6|27|333|332|12/2046|29340|0|N|||||||||||||||||||N
100027235596|04/01/2019||3.625|247851.91|28|332|331|12/2046|29340|0|N|||||||||||||||||||N
100027235596|05/01/2019||3.625|247352.98|29|331|330|12/2046|29340|0|N|||||||||||||||||||N
100027235596|06/01/2019||3.625|246914.46|30|330|329|12/2046|29340|0|N|||||||||||||||||||N
100027235596|07/01/2019||3.625|246474.62|31|329|328|12/2046|29340|0|N|||||||||||||||||||N
100027235596|08/01/2019||3.625|246024.35|32|328|327|12/2046|29340|0|N|||||||||||||||||||N
100027235596|09/01/2019||3.625|245572.72|33|327|326|12/2046|29340|0|N|||||||||||||||||||N
100027361270|11/01/2016|QUICKEN LOANS INC.|2.75||1|119|118|10/2026|25540|0|N|||||||||||||||||||N
100027361270|12/01/2016||2.75||2|118|118|10/2026|25540|0|N|||||||||||||||||||N
100027361270|01/01/2017||2.75||3|117|117|10/2026|25540|0|N|||||||||||||||||||N
100027361270|02/01/2017||2.75||4|116|116|10/2026|25540|0|N|||||||||||||||||||N
100027361270|03/01/2017||2.75||5|115|115|10/2026|25540|0|N|||||||||||||||||||N
100027361270|04/01/2017||2.75||6|114|114|10/2026|25540|0|N|||||||||||||||||||N
100027361270|05/01/2017||2.75|103406.72|7|113|113|10/2026|25540|0|N|||||||||||||||||||N
100027361270|06/01/2017||2.75|102603.94|8|112|112|10/2026|25540|0|N|||||||||||||||||||N
100027361270|07/01/2017||2.75|101799.32|9|111|111|10/2026|25540|0|N|||||||||||||||||||N
100027361270|08/01/2017||2.75|100992.86|10|110|110|10/2026|25540|0|N|||||||||||||||||||N
100027361270|09/01/2017||2.75|100184.55|11|109|109|10/2026|25540|0|N|||||||||||||||||||N
100027361270|10/01/2017||2.75|99374.39|12|108|108|10/2026|25540|0|N|||||||||||||||||||N
100027361270|11/01/2017||2.75|97748.49|13|107|106|10/2026|25540|0|N|||||||||||||||||||N
100027361270|12/01/2017||2.75|96932.75|14|106|105|10/2026|25540|0|N|||||||||||||||||||N
100027361270|01/01/2018||2.75|96932.75|15|105|105|10/2026|25540|0|N|||||||||||||||||||N
100027361270|02/01/2018||2.75|96115.14|16|104|104|10/2026|25540|0|N|||||||||||||||||||N
100027361270|03/01/2018||2.75|95295.65|17|103|103|10/2026|25540|0|N|||||||||||||||||||N
100027361270|04/01/2018||2.75|94474.29|18|102|102|10/2026|25540|0|N|||||||||||||||||||N
100027361270|05/01/2018||2.75|93651.04|19|101|101|10/2026|25540|0|N|||||||||||||||||||N
100027361270|06/01/2018||2.75|92825.91|20|100|100|10/2026|25540|0|N|||||||||||||||||||N
100027361270|07/01/2018||2.75|91998.89|21|99|99|10/2026|25540|0|N|||||||||||||||||||N
100027361270|08/01/2018||2.75|91169.97|22|98|98|10/2026|25540|0|N|||||||||||||||||||N
100027361270|09/01/2018||2.75|90339.15|23|97|97|10/2026|25540|0|N|||||||||||||||||||N
100027361270|10/01/2018||2.75|89506.43|24|96|96|10/2026|25540|0|N|||||||||||||||||||N
100027361270|11/01/2018||2.75|88671.8|25|95|95|10/2026|25540|0|N|||||||||||||||||||N
100027361270|12/01/2018||2.75|86996.8|26|94|93|10/2026|25540|0|N|||||||||||||||||||N
100027361270|01/01/2019||2.75|86996.8|27|93|93|10/2026|25540|0|N|||||||||||||||||||N
100027361270|02/01/2019||2.75|86156.42|28|92|92|10/2026|25540|0|N|||||||||||||||||||N
100027361270|03/01/2019||2.75|85314.11|29|91|91|10/2026|25540|0|N|||||||||||||||||||N
100027361270|04/01/2019||2.75|84469.87|30|90|90|10/2026|25540|0|N|||||||||||||||||||N
100027361270|05/01/2019||2.75|83623.7|31|89|89|10/2026|25540|0|N|||||||||||||||||||N
100027361270|06/01/2019||2.75|82775.59|32|88|88|10/2026|25540|0|N|||||||||||||||||||N
100027361270|07/01/2019||2.75|81925.53|33|87|87|10/2026|25540|0|N|||||||||||||||||||N
100027361270|08/01/2019||2.75|81073.53|34|86|86|10/2026|25540|0|N|||||||||||||||||||N
100027361270|09/01/2019||2.75|80219.57|35|85|85|10/2026|25540|0|N|||||||||||||||||||N
100031165133|10/01/2016|NATIONSTAR MORTGAGE, LLC|3.625||0|240|239|10/2036|41620|0|N|||||||||||||||||||N
100031165133|11/01/2016||3.625||1|239|238|10/2036|41620|0|N|||||||||||||||||||N
100031165133|12/01/2016||3.625||2|238|238|10/2036|41620|0|N|||||||||||||||||||N
100031165133|01/01/2017||3.625||3|237|236|10/2036|41620|0|N|||||||||||||||||||N
100031165133|02/01/2017||3.625||4|236|234|10/2036|41620|0|N|||||||||||||||||||N
100031165133|03/01/2017||3.625||5|235|233|10/2036|41620|0|N|||||||||||||||||||N
100031165133|04/01/2017||3.625|119540.88|6|234|232|10/2036|41620|0|N|||||||||||||||||||N
100031165133|05/01/2017||3.625|119540.88|7|233|0|10/2036|41620|X|N|01|05/2017|||||||||||||||N||
100032969435|12/01/2016|OTHER|2.75||0|180|180|12/2031|00000|0|N|||||||||||||||||||N
100032969435|01/01/2017||2.75||1|179|179|12/2031|00000|0|N|||||||||||||||||||N
100032969435|02/01/2017||2.75||2|178|178|12/2031|00000|0|N|||||||||||||||||||N
100032969435|03/01/2017||2.75||3|177|177|12/2031|00000|0|N|||||||||||||||||||N
100032969435|04/01/2017||2.75||4|176|176|12/2031|00000|0|N|||||||||||||||||||N
100032969435|05/01/2017||2.75||5|175|175|12/2031|00000|0|N|||||||||||||||||||N
100032969435|06/01/2017||2.75|210141.61|6|174|174|12/2031|00000|0|N|||||||||||||||||||N
100032969435|07/01/2017||2.75|209157.36|7|173|173|12/2031|00000|0|N|||||||||||||||||||N
100032969435|08/01/2017||2.75|208170.86|8|172|172|12/2031|00000|0|N|||||||||||||||||||N
100032969435|09/01/2017||2.75|207182.1|9|171|171|12/2031|00000|0|N|||||||||||||||||||N
100032969435|10/01/2017||2.75|206191.07|10|170|170|12/2031|00000|0|N|||||||||||||||||||N
100032969435|11/01/2017||2.75|205197.77|11|169|169|12/2031|00000|0|N|||||||||||||||||||N
100032969435|12/01/2017||2.75|204202.19|12|168|168|12/2031|00000|0|N|||||||||||||||||||N
100032969435|01/01/2018||2.75|203204.33|13|167|167|12/2031|00000|0|N|||||||||||||||||||N
100032969435|02/01/2018||2.75|202204.19|14|166|166|12/2031|00000|0|N|||||||||||||||||||N
100032969435|03/01/2018||2.75|201201.75|15|165|165|12/2031|00000|0|N|||||||||||||||||||N
100032969435|04/01/2018||2.75|200197.02|16|164|164|12/2031|00000|0|N|||||||||||||||||||N
100032969435|05/01/2018||2.75|199189.98|17|163|163|12/2031|00000|0|N|||||||||||||||||||N
100032969435|06/01/2018||2.75|198180.64|18|162|162|12/2031|00000|0|N|||||||||||||||||||N
100032969435|07/01/2018||2.75|197168.98|19|161|161|12/2031|00000|0|N|||||||||||||||||||N
100032969435|08/01/2018||2.75|196155.01|20|160|160|12/2031|00000|0|N|||||||||||||||||||N
100032969435|09/01/2018||2.75|195138.71|21|159|159|12/2031|00000|0|N|||||||||||||||||||N
100032969435|10/01/2018||2.75|194120.08|22|158|158|12/2031|00000|0|N|||||||||||||||||||N
100032969435|11/01/2018||2.75|193099.12|23|157|157|12/2031|00000|0|N|||||||||||||||||||N
100032969435|12/01/2018||2.75|192075.82|24|156|156|12/2031|00000|0|N|||||||||||||||||||N
100032969435|01/01/2019||2.75|191050.17|25|155|155|12/2031|00000|0|N|||||||||||||||||||N
100032969435|02/01/2019||2.75|190022.17|26|154|154|12/2031|00000|0|N|||||||||||||||||||N
100032969435|03/01/2019||2.75|188991.82|27|153|153|12/2031|00000|0|N|||||||||||||||||||N
100032969435|04/01/2019||2.75|187959.11|28|152|152|12/2031|00000|0|N|||||||||||||||||||N
